Genome	C04M3AN_ss_dRepd_mags Read Count	C04M3AN_ss_dRepd_mags Covered Fraction	C04M3AN_ss_dRepd_mags Length	C04M3CO_ss_dRepd_mags Read Count	C04M3CO_ss_dRepd_mags Covered Fraction	C04M3CO_ss_dRepd_mags Length	C04M3CR_ss_dRepd_mags Read Count	C04M3CR_ss_dRepd_mags Covered Fraction	C04M3CR_ss_dRepd_mags Length	C04M3DR_ss_dRepd_mags Read Count	C04M3DR_ss_dRepd_mags Covered Fraction	C04M3DR_ss_dRepd_mags Length	C04M3DT_ss_dRepd_mags Read Count	C04M3DT_ss_dRepd_mags Covered Fraction	C04M3DT_ss_dRepd_mags Length	C04M3F1_ss_dRepd_mags Read Count	C04M3F1_ss_dRepd_mags Covered Fraction	C04M3F1_ss_dRepd_mags Length	C04M3F2_ss_dRepd_mags Read Count	C04M3F2_ss_dRepd_mags Covered Fraction	C04M3F2_ss_dRepd_mags Length	C04M3F3_ss_dRepd_mags Read Count	C04M3F3_ss_dRepd_mags Covered Fraction	C04M3F3_ss_dRepd_mags Length	C04M3HR_ss_dRepd_mags Read Count	C04M3HR_ss_dRepd_mags Covered Fraction	C04M3HR_ss_dRepd_mags Length	C04M3HT_ss_dRepd_mags Read Count	C04M3HT_ss_dRepd_mags Covered Fraction	C04M3HT_ss_dRepd_mags Length	C04M3OP_ss_dRepd_mags Read Count	C04M3OP_ss_dRepd_mags Covered Fraction	C04M3OP_ss_dRepd_mags Length	C13F5AN_ss_dRepd_mags Read Count	C13F5AN_ss_dRepd_mags Covered Fraction	C13F5AN_ss_dRepd_mags Length	C13F5CO_ss_dRepd_mags Read Count	C13F5CO_ss_dRepd_mags Covered Fraction	C13F5CO_ss_dRepd_mags Length	C13F5CR_ss_dRepd_mags Read Count	C13F5CR_ss_dRepd_mags Covered Fraction	C13F5CR_ss_dRepd_mags Length	C13F5DR_ss_dRepd_mags Read Count	C13F5DR_ss_dRepd_mags Covered Fraction	C13F5DR_ss_dRepd_mags Length	C13F5DT_ss_dRepd_mags Read Count	C13F5DT_ss_dRepd_mags Covered Fraction	C13F5DT_ss_dRepd_mags Length	C13F5F1_ss_dRepd_mags Read Count	C13F5F1_ss_dRepd_mags Covered Fraction	C13F5F1_ss_dRepd_mags Length	C13F5F2_ss_dRepd_mags Read Count	C13F5F2_ss_dRepd_mags Covered Fraction	C13F5F2_ss_dRepd_mags Length	C13F5F3_ss_dRepd_mags Read Count	C13F5F3_ss_dRepd_mags Covered Fraction	C13F5F3_ss_dRepd_mags Length	C13F5HR_ss_dRepd_mags Read Count	C13F5HR_ss_dRepd_mags Covered Fraction	C13F5HR_ss_dRepd_mags Length	C13F5HT_ss_dRepd_mags Read Count	C13F5HT_ss_dRepd_mags Covered Fraction	C13F5HT_ss_dRepd_mags Length	C13F5OP_ss_dRepd_mags Read Count	C13F5OP_ss_dRepd_mags Covered Fraction	C13F5OP_ss_dRepd_mags Length
C04M3_hifiasm_r63_complete.148	1797	0.11751364	1964155	18413	0.7217159	1964155	76010	0.994058	1964155	2462	0.15373124	1964155	16796	0.6881911	1964155	2581	0.16394582	1964155	3356	0.20516813	1964155	1858	0.117321186	1964155	85812	0.9969188	1964155	13575	0.61690396	1964155	620	0.041640807	1964155	21362	0.7000023	1964155	449	0.025096796	1964155	315	0.01840639	1964155	3623	0.19612658	1964155	291	0.01624159	1964155	13859	0.5204121	1964155	5331	0.26372918	1964155	188	0.008153633	1964155	21487	0.68965125	1964155	185	0.009288982	1964155	1297	0.07554037	1964155
C04M3_hifiasm_r63_complete.52	49984	0.9731744	1851328	27983	0.8738316	1851328	67597	0.99203	1851328	6276	0.35953596	1851328	23108	0.81751156	1851328	41159	0.9497566	1851328	19939	0.7695287	1851328	3896	0.24599315	1851328	63477	0.99034315	1851328	66671	0.99113125	1851328	44994	0.9629925	1851328	2	0.00016204584	1851328	0	0	1851328	0	0	1851328	0	0	1851328	0	0	1851328	1	0.00008102292	1851328	1	0.00008102292	1851328	0	0	1851328	1	0.00008102292	1851328	0	0	1851328	5	0.00037486604	1851328
C04M3_hifiasm_r63_complete.76	27359	0.5764221	4053821	39343	0.54921865	4053821	33783	0.5342041	4053821	70321	0.857061	4053821	15323	0.33751366	4053821	64045	0.842107	4053821	85751	0.90078914	4053821	8878	0.24665272	4053821	40127	0.64048094	4053821	28354	0.48966494	4053821	24804	0.4561605	4053821	10741	0.09037128	4053821	22753	0.11288905	4053821	13115	0.09398787	4053821	12136	0.09967337	4053821	4816	0.053517904	4053821	23261	0.12018587	4053821	14645	0.08554596	4053821	3359	0.04439885	4053821	19250	0.10035174	4053821	11939	0.09597908	4053821	24944	0.11512176	4053821
C04M3_hifiasm_r63_complete.94	29396	0.626156	3388809	9558	0.30260247	3388809	23046	0.5816663	3388809	19227	0.4850114	3388809	52284	0.8561335	3388809	8888	0.2566595	3388809	9660	0.294453	3388809	36314	0.6935531	3388809	22972	0.57587695	3388809	8376	0.24724822	3388809	10134	0.23293139	3388809	20706	0.42149675	3388809	7159	0.17864388	3388809	35686	0.6475821	3388809	12191	0.2790591	3388809	33312	0.5815108	3388809	6462	0.14273629	3388809	5605	0.12683778	3388809	53983	0.7732702	3388809	15030	0.3254695	3388809	26920	0.5156661	3388809	7503	0.11405571	3388809
C04M3_hifiasm_r63_metabat2.62	15239	0.18646003	4659567	92109	0.70975846	4659567	90074	0.7352913	4659567	79844	0.7561022	4659567	56074	0.70574754	4659567	55296	0.2794929	4659567	60532	0.30979532	4659567	9200	0.07852811	4659567	98187	0.8294925	4659567	212219	0.98989093	4659567	70851	0.7054265	4659567	27192	0.29124573	4659567	42434	0.12210341	4659567	34906	0.28983465	4659567	115767	0.7925719	4659567	13222	0.11166188	4659567	74720	0.63965774	4659567	27576	0.3213979	4659567	7281	0.10362358	4659567	24436	0.10881612	4659567	36718	0.43258482	4659567	104464	0.7428761	4659567
C04M3_hifiasm_r63_semibin2_0	8789	0.37287065	2365638	21801	0.68982786	2365638	22642	0.70507574	2365638	23632	0.7005349	2365638	10260	0.42039442	2365638	18209	0.6041089	2365638	26754	0.7554288	2365638	2676	0.11691772	2365638	16935	0.5868375	2365638	19436	0.63893205	2365638	12555	0.46285018	2365638	915	0.004697253	2365638	939	0.0048612677	2365638	1029	0.0053266813	2365638	1308	0.0050574094	2365638	487	0.0041849175	2365638	1785	0.006284985	2365638	1044	0.005373603	2365638	473	0.003906346	2365638	952	0.0050916495	2365638	766	0.0048676087	2365638	1435	0.0055038007	2365638
C04M3_hifiasm_r63_semibin2_12	317793	0.999906	3190981	49347	0.8049017	3190981	124102	0.98521394	3190981	237199	0.9994707	3190981	146501	0.9871958	3190981	116933	0.9846574	3190981	93227	0.9653204	3190981	357780	0.9997847	3190981	93736	0.9604639	3190981	86623	0.95082325	3190981	424280	0.9999442	3190981	241761	0.9952942	3190981	79841	0.87887204	3190981	231320	0.9952074	3190981	149648	0.96797633	3190981	410468	0.9977806	3190981	148491	0.9790898	3190981	172316	0.99097234	3190981	348778	0.9982187	3190981	169825	0.9865737	3190981	243439	0.9949962	3190981	196093	0.99373174	3190981
C04M3_hifiasm_r63_semibin2_16	446479	0.99991494	3820240	43960	0.76414233	3820240	99753	0.95701736	3820240	225032	0.9989702	3820240	307311	0.9997589	3820240	135168	0.9874623	3820240	129610	0.9856614	3820240	402353	0.99989265	3820240	227721	0.99881786	3820240	114936	0.97574943	3820240	49943	0.73932374	3820240	371172	0.9990338	3820240	30998	0.51765466	3820240	145263	0.962388	3820240	425635	0.99801034	3820240	281813	0.99279314	3820240	118478	0.93679273	3820240	119951	0.94821686	3820240	296050	0.9964958	3820240	244647	0.99516547	3820240	406559	0.99887544	3820240	227647	0.9942949	3820240
C04M3_hifiasm_r63_semibin2_17	253152	0.9978761	5110946	1410532	0.99997205	5110946	987746	0.99997497	5110946	334645	0.9991242	5110946	492352	0.9999364	5110946	1855911	0.9999775	5110946	1148987	0.99997497	5110946	181208	0.9882131	5110946	744283	0.9999693	5110946	1495736	0.9999783	5110946	627642	0.9999579	5110946	70086	0.62345016	5110946	1340025	0.9968865	5110946	656097	0.9943036	5110946	628255	0.98721176	5110946	64676	0.65945464	5110946	137432	0.8076333	5110946	30751	0.1250567	5110946	8986	0.06211805	5110946	67574	0.54252696	5110946	26027	0.09837826	5110946	79766	0.30128318	5110946
C04M3_hifiasm_r63_semibin2_20	149139	0.9954981	3322188	46540	0.83136564	3322188	107802	0.98212683	3322188	130901	0.9906796	3322188	110106	0.97947675	3322188	54667	0.8605979	3322188	36427	0.7309761	3322188	119868	0.98089033	3322188	130260	0.99080545	3322188	92966	0.9699358	3322188	237306	0.99963367	3322188	36659	0.5643476	3322188	3363	0.029002873	3322188	12154	0.046317365	3322188	7597	0.042255286	3322188	15523	0.047133695	3322188	50147	0.7461107	3322188	71411	0.8713366	3322188	143615	0.9583464	3322188	10649	0.04290907	3322188	12616	0.048117686	3322188	9645	0.04737631	3322188
C04M3_hifiasm_r63_semibin2_21	864573	0.9999825	3366311	101217	0.97476494	3366311	267061	0.9998146	3366311	348837	0.999954	3366311	703864	0.99999255	3366311	391056	0.9999777	3366311	279909	0.99983245	3366311	1060722	0.99999195	3366311	255435	0.99983215	3366311	297061	0.99989516	3366311	261939	0.9997811	3366311	1158666	0.9999706	3366311	386097	0.99940735	3366311	1126583	0.9999697	3366311	458297	0.99938416	3366311	1594614	0.99998754	3366311	441456	0.99952114	3366311	518539	0.9998432	3366311	1788635	0.99999315	3366311	1308549	0.99998933	3366311	1135698	0.99998546	3366311	740907	0.9999186	3366311
C04M3_hifiasm_r63_semibin2_41	15706	0.77650446	1413903	28	0.0021741237	1413903	60	0.0038418476	1413903	121	0.010817573	1413903	55	0.0040377593	1413903	6744	0.47421005	1413903	13029	0.71079206	1413903	49	0.0034125396	1413903	1506	0.13319726	1413903	3061	0.25726023	1413903	50	0.0037201985	1413903	0	0	1413903	1	0.00010608931	1413903	6	0.0005615661	1413903	1	0.000075677046	1413903	0	0	1413903	2	0.00011669825	1413903	0	0	1413903	0	0	1413903	4	0.00042435725	1413903	0	0	1413903	13	0.0008727614	1413903
C04M3_subsampled_20Gb_Hybrid_bin.15	111262	0.95259255	4426243	518597	0.9977502	4426243	239222	0.99522054	4426243	199568	0.9892324	4426243	201245	0.9932053	4426243	265355	0.9959399	4426243	252927	0.99575394	4426243	110066	0.95437753	4426243	398595	0.997771	4426243	242435	0.9948403	4426243	573936	0.99723786	4426243	296254	0.9857021	4426243	72399	0.6023499	4426243	191619	0.969656	4426243	577581	0.99203074	4426243	246699	0.97415847	4426243	901242	0.9952488	4426243	600306	0.99416864	4426243	282855	0.9789088	4426243	38407	0.2471918	4426243	29132	0.23510233	4426243	71220	0.2476109	4426243
C04M3_subsampled_20Gb_Hybrid_bin.25	106228	0.9624345	4043653	188925	0.99234307	4043653	197657	0.9929534	4043653	133263	0.97537744	4043653	83674	0.92434067	4043653	558797	0.9975381	4043653	515439	0.9975253	4043653	2260	0.029796572	4043653	96852	0.92319965	4043653	276235	0.9967218	4043653	173039	0.9904885	4043653	24222	0.3945974	4043653	94231	0.83666897	4043653	16717	0.25213787	4043653	46962	0.6313796	4043653	9329	0.16191201	4043653	35289	0.45601958	4043653	25288	0.39547384	4043653	6935	0.14691617	4043653	8943	0.03442333	4043653	6021	0.024731103	4043653	15335	0.04546656	4043653
C04M3_subsampled_20Gb_Hybrid_bin.26	7441	0.06166396	4808157	521751	0.9970906	4808157	410446	0.996314	4808157	58891	0.115585245	4808157	16664	0.07429354	4808157	52806	0.087294154	4808157	76697	0.09589724	4808157	6406	0.04956598	4808157	132424	0.9474959	4808157	57641	0.6048355	4808157	513706	0.9955667	4808157	12675	0.116971634	4808157	22190	0.066260315	4808157	12166	0.063586526	4808157	15104	0.074222825	4808157	5216	0.046396364	4808157	154231	0.9206045	4808157	46774	0.5744954	4808157	5235	0.07923576	4808157	9917	0.047294006	4808157	8310	0.045225646	4808157	47543	0.08682412	4808157
C04M3_subsampled_20Gb_Hybrid_bin.32	644256	0.9933871	3376143	116818	0.9827433	3376143	248663	0.9930465	3376143	304173	0.99320555	3376143	458120	0.99328107	3376143	299460	0.99327964	3376143	194097	0.9926209	3376143	1188029	0.99339485	3376143	269747	0.9933717	3376143	89262	0.9622158	3376143	295330	0.99429053	3376143	451325	0.97520334	3376143	38254	0.6468905	3376143	303243	0.91963434	3376143	403840	0.9711754	3376143	458148	0.95361423	3376143	128082	0.91998297	3376143	84130	0.8871567	3376143	501992	0.99178827	3376143	150857	0.9027698	3376143	546601	0.9288443	3376143	394599	0.926071	3376143
C04M3_subsampled_20Gb_Hybrid_bin.33	218494	0.99755317	2937684	49867	0.8286732	2937684	115524	0.9817472	2937684	129751	0.98819375	2937684	269333	0.9978973	2937684	93967	0.9682661	2937684	56621	0.8579748	2937684	211801	0.9967114	2937684	100047	0.9771279	2937684	77542	0.9430446	2937684	140546	0.98674196	2937684	227931	0.9938785	2937684	64334	0.83491826	2937684	233256	0.98607135	2937684	102803	0.9064743	2937684	244585	0.98806715	2937684	75573	0.8646492	2937684	136892	0.97442	2937684	531435	0.9971566	2937684	120059	0.96275365	2937684	167162	0.9836569	2937684	66982	0.84065336	2937684
C04M3_subsampled_20Gb_Hybrid_bin.38	47789	0.7152574	4709963	42883	0.55864793	4709963	61295	0.7392434	4709963	71129	0.81088257	4709963	18987	0.35175583	4709963	57041	0.7193802	4709963	62456	0.74445534	4709963	7023	0.14542216	4709963	151476	0.97770345	4709963	174714	0.9870746	4709963	43644	0.626544	4709963	322561	0.9825525	4709963	231139	0.97142994	4709963	94867	0.8538129	4709963	128830	0.91265684	4709963	45230	0.5986627	4709963	433976	0.985395	4709963	43359	0.5961975	4709963	2943	0.048156854	4709963	62626	0.6946972	4709963	22212	0.3023718	4709963	576582	0.98836786	4709963
C04M3_subsampled_20Gb_Hybrid_bin.45	438502	0.9981597	3141397	151415	0.9942621	3141397	139316	0.99016935	3141397	225808	0.99765295	3141397	411521	0.9982017	3141397	161344	0.995538	3141397	125388	0.9882606	3141397	401399	0.9982002	3141397	316703	0.9980273	3141397	228360	0.99742377	3141397	438239	0.99810946	3141397	650669	0.9975979	3141397	281705	0.99525434	3141397	537685	0.99751896	3141397	337586	0.99459636	3141397	767528	0.9978618	3141397	206916	0.99100655	3141397	95876	0.9310877	3141397	469834	0.9975724	3141397	399525	0.99716306	3141397	418630	0.9974012	3141397	345852	0.9959954	3141397
C04M3_subsampled_20Gb_Hybrid_bin.52	623859	0.9996196	3110089	66267	0.92706513	3110089	213477	0.9982962	3110089	351730	0.99929005	3110089	928266	0.9992357	3110089	246101	0.99853957	3110089	146574	0.99501973	3110089	1121615	0.99955887	3110089	263687	0.99861705	3110089	187199	0.9973538	3110089	350030	0.99924344	3110089	359731	0.99874926	3110089	84446	0.9198801	3110089	510949	0.9990473	3110089	258620	0.996295	3110089	628863	0.99919295	3110089	149675	0.9814983	3110089	234976	0.9973033	3110089	1904955	0.99957335	3110089	279165	0.9981457	3110089	639025	0.99921834	3110089	201738	0.99602777	3110089
C04M3_subsampled_20Gb_Hybrid_bin.5	66771	0.7634821	5695104	285711	0.99168885	5695104	146156	0.9384419	5695104	130786	0.9187523	5695104	48773	0.6340416	5695104	53797	0.6052386	5695104	60101	0.6477757	5695104	3884	0.051438745	5695104	175063	0.9683021	5695104	114304	0.89161056	5695104	384193	0.9948921	5695104	779903	0.9849908	5695104	1593023	0.98499554	5695104	451854	0.98236114	5695104	651936	0.9822918	5695104	219389	0.9448212	5695104	1393750	0.986078	5695104	1102229	0.985421	5695104	186679	0.9379904	5695104	730408	0.98498535	5695104	534388	0.98251057	5695104	357908	0.97808677	5695104
C04M3_subsampled_20Gb_Hybrid_bin.64	182372	0.9961136	4186649	27745	0.25438124	4186649	26812	0.33198866	4186649	294632	0.9995199	4186649	75752	0.90185064	4186649	259270	0.9992292	4186649	191638	0.99601114	4186649	25095	0.53100866	4186649	79714	0.87428445	4186649	83934	0.890287	4186649	227784	0.99856853	4186649	143914	0.9636621	4186649	182872	0.9735557	4186649	24462	0.339927	4186649	188807	0.9764093	4186649	32676	0.5259655	4186649	182260	0.9716955	4186649	82993	0.85498095	4186649	30332	0.53973573	4186649	354262	0.99701387	4186649	239736	0.98820204	4186649	714313	0.9987575	4186649
C04M3_subsampled_20Gb_Hybrid_bin.69	5432	0.24069291	2652309	6270	0.27101216	2652309	7245	0.3049509	2652309	10926	0.4067192	2652309	10664	0.39941537	2652309	3558	0.16670568	2652309	3080	0.14459024	2652309	9584	0.3753096	2652309	5950	0.25792393	2652309	3299	0.15512484	2652309	7698	0.31474575	2652309	10632	0.35164455	2652309	8537	0.26962695	2652309	8325	0.28226086	2652309	18829	0.49886608	2652309	20633	0.5203579	2652309	6993	0.22507633	2652309	7707	0.26365593	2652309	11647	0.35453072	2652309	7113	0.23850577	2652309	6743	0.22544582	2652309	4727	0.17324038	2652309
C04M3_subsampled_20Gb_Hybrid_bin.71	1081	0.049949974	2698680	5356	0.2123905	2698680	6918	0.28197303	2698680	10509	0.39211687	2698680	4973	0.2135759	2698680	13166	0.47520122	2698680	32417	0.78777623	2698680	3732	0.17160872	2698680	7399	0.2998125	2698680	4088	0.1724684	2698680	5767	0.24653535	2698680	516	0.0069118976	2698680	1171	0.009732907	2698680	610	0.009106304	2698680	484	0.007748603	2698680	236	0.0037384944	2698680	1082	0.0098022	2698680	609	0.0062263776	2698680	156	0.0035639645	2698680	875	0.008603095	2698680	486	0.0069300546	2698680	1098	0.011225488	2698680
C04M3_subsampled_20Gb_Hybrid_bin.74	185025	0.9989661	2672350	50098	0.8712425	2672350	128254	0.9950553	2672350	105686	0.986275	2672350	178945	0.9982974	2672350	50034	0.8380736	2672350	40323	0.76176137	2672350	215108	0.9990211	2672350	83824	0.97589236	2672350	87086	0.97992104	2672350	53201	0.80001646	2672350	156888	0.96280575	2672350	49245	0.79223233	2672350	54257	0.75294256	2672350	47707	0.7277864	2672350	178268	0.9623683	2672350	37031	0.6729953	2672350	47812	0.7976777	2672350	169271	0.9645054	2672350	159173	0.9861523	2672350	109119	0.96493196	2672350	150492	0.98369116	2672350
C04M3_subsampled_20Gb_Hybrid_bin.75	39665	0.6129391	5054182	106251	0.89014524	5054182	197529	0.9787457	5054182	196044	0.9768839	5054182	44041	0.6376816	5054182	70744	0.7606962	5054182	151485	0.95284003	5054182	21518	0.4024946	5054182	163940	0.9658772	5054182	202383	0.9777671	5054182	127433	0.9241181	5054182	34600	0.45450065	5054182	48107	0.4985772	5054182	90877	0.8098515	5054182	281825	0.9537761	5054182	66220	0.697148	5054182	50943	0.5023604	5054182	39877	0.48663345	5054182	9323	0.14822517	5054182	27457	0.336993	5054182	42989	0.528148	5054182	89152	0.66828597	5054182
C04M3_subsampled_20Gb_Hybrid_bin.87	42058	0.8539538	2922808	23442	0.6568218	2922808	41654	0.85039115	2922808	46873	0.8760832	2922808	145155	0.9985777	2922808	9961	0.36434004	2922808	7293	0.284175	2922808	76455	0.9670269	2922808	93679	0.98383474	2922808	11806	0.41780472	2922808	87815	0.97953683	2922808	131	0.00494456	2922808	97	0.0027432523	2922808	590	0.02470501	2922808	1289	0.05073888	2922808	374	0.015058806	2922808	80	0.0031647647	2922808	144	0.005973365	2922808	1013	0.041836824	2922808	933	0.037621014	2922808	310	0.013132577	2922808	430	0.012517757	2922808
C04M3_subsampled_20Gb_Hybrid_bin.88	303282	0.9999556	2004488	311049	0.99992466	2004488	204169	0.99930704	2004488	117699	0.9984704	2004488	275788	0.9985333	2004488	119611	0.9975844	2004488	69161	0.9815384	2004488	125600	0.99859214	2004488	165715	0.9988935	2004488	162541	0.998661	2004488	382501	0.9998259	2004488	887728	0.9999905	2004488	266083	0.9995206	2004488	124306	0.99743825	2004488	60824	0.951	2004488	122383	0.9949154	2004488	309298	0.99972713	2004488	609869	0.99996656	2004488	358886	0.9999521	2004488	148491	0.9986226	2004488	93358	0.98869586	2004488	872	0.0453647	2004488
C04M3_subsampled_20Gb_Hybrid_bin.8	7261	0.052837294	5232062	654545	0.998888	5232062	221830	0.99183667	5232062	21137	0.086781085	5232062	38294	0.5646206	5232062	29431	0.098793745	5232062	40460	0.10343628	5232062	4705	0.042402595	5232062	902948	0.99887675	5232062	472285	0.9987844	5232062	99432	0.8736766	5232062	12989	0.044706274	5232062	23289	0.050036296	5232062	16042	0.05492022	5232062	18293	0.058957253	5232062	7005	0.040075786	5232062	26536	0.059918825	5232062	13355	0.045383826	5232062	3645	0.028367784	5232062	15352	0.04246624	5232062	11143	0.038429018	5232062	26318	0.051786847	5232062
C04M3_subsampled_20Gb_Hybrid_bin.9	3289	0.032628175	4114818	176692	0.9916086	4114818	138369	0.9806932	4114818	10940	0.08370941	4114818	9338	0.17904948	4114818	10373	0.04597895	4114818	12111	0.046631467	4114818	2019	0.020922918	4114818	17696	0.22998855	4114818	15523	0.16211215	4114818	220440	0.9957507	4114818	5131	0.030268896	4114818	9469	0.031970307	4114818	6875	0.035334006	4114818	8626	0.03944427	4114818	3178	0.024632439	4114818	12401	0.04603144	4114818	6159	0.033121757	4114818	1870	0.020052405	4114818	6471	0.02918258	4114818	4950	0.03199388	4114818	39699	0.5435227	4114818
C04M3_subsampled_20Gb_bin.20	13232	0.29566255	5026511	24370	0.39615908	5026511	74794	0.8528932	5026511	22930	0.43766382	5026511	6122	0.14193025	5026511	123225	0.9592308	5026511	267235	0.99734366	5026511	13905	0.31121707	5026511	11016	0.07662591	5026511	7801	0.04334259	5026511	2866	0.032240454	5026511	1719	0.012503106	5026511	2535	0.01172921	5026511	1694	0.013134558	5026511	2761	0.01956009	5026511	774	0.00897362	5026511	2870	0.014286849	5026511	1384	0.009495255	5026511	339	0.004621496	5026511	1473	0.009558718	5026511	1288	0.010768503	5026511	3562	0.01887532	5026511
C04M3_subsampled_20Gb_bin.8	53488	0.8221965	4073980	317352	0.99879503	4073980	187183	0.9955044	4073980	128912	0.9769834	4073980	58462	0.8459683	4073980	91129	0.9359675	4073980	122369	0.9731233	4073980	9427	0.25337583	4073980	202208	0.996065	4073980	186360	0.9942744	4073980	240439	0.9977923	4073980	29989	0.5297709	4073980	33548	0.5077163	4073980	105626	0.902841	4073980	196979	0.974748	4073980	53382	0.7206847	4073980	47757	0.65767944	4073980	34782	0.5833475	4073980	15337	0.33907333	4073980	6708	0.10037408	4073980	30810	0.50424767	4073980	115446	0.8249257	4073980
C04M3_subsampled_40Gb_bin.101	8966	0.35363275	2765431	15086	0.50184834	2765431	17147	0.55532974	2765431	16872	0.54505503	2765431	5661	0.23702995	2765431	22273	0.6503601	2765431	31837	0.7677299	2765431	4762	0.20570934	2765431	11143	0.39151222	2765431	8403	0.3128677	2765431	1664	0.06907531	2765431	666	0.0219492	2765431	6793	0.21306118	2765431	5713	0.19443697	2765431	785	0.024180679	2765431	1123	0.036852483	2765431	2702	0.08020522	2765431	749	0.021766227	2765431	107	0.003081979	2765431	1628	0.050679985	2765431	475	0.012916974	2765431	1629	0.050417457	2765431
C04M3_subsampled_40Gb_bin.103	2907	0.07964021	4389353	99976	0.94359326	4389353	33105	0.6251507	4389353	12716	0.30601344	4389353	6788	0.1768616	4389353	4369	0.10986654	4389353	5428	0.13674681	4389353	1385	0.037759323	4389353	45381	0.7489056	4389353	14741	0.34715754	4389353	25257	0.5270519	4389353	1118	0.019566894	4389353	1579	0.017642235	4389353	896	0.014924295	4389353	4173	0.07679697	4389353	734	0.015180142	4389353	2309	0.033394672	4389353	1564	0.026163764	4389353	819	0.016707929	4389353	676	0.010605436	4389353	1091	0.019366408	4389353	1022	0.012684329	4389353
C04M3_subsampled_40Gb_bin.104	3899	0.13694528	3598620	13714	0.40380007	3598620	7951	0.25871444	3598620	13638	0.39435282	3598620	4553	0.15850548	3598620	18400	0.49558246	3598620	22442	0.5672241	3598620	4121	0.14356476	3598620	12703	0.380039	3598620	4185	0.14580616	3598620	5587	0.19032545	3598620	3321	0.09784556	3598620	6689	0.17690864	3598620	6523	0.1830938	3598620	10124	0.2654287	3598620	611	0.016904257	3598620	22093	0.4697573	3598620	5995	0.16901895	3598620	1272	0.040008392	3598620	2982	0.0855892	3598620	825	0.021850042	3598620	5080	0.14133167	3598620
C04M3_subsampled_40Gb_bin.10	4387	0.16442294	3254929	22551	0.6012266	3254929	9295	0.31140158	3254929	19062	0.52826685	3254929	13391	0.42407745	3254929	27078	0.6643712	3254929	27384	0.6693599	3254929	4577	0.17031309	3254929	11815	0.37742972	3254929	12404	0.38589537	3254929	13253	0.42056432	3254929	321	0.0064492957	3254929	1085	0.02267945	3254929	1072	0.02398977	3254929	1271	0.026807958	3254929	489	0.011441724	3254929	1454	0.025499789	3254929	1062	0.024057053	3254929	370	0.011140643	3254929	666	0.013600911	3254929	479	0.008717548	3254929	1915	0.033417013	3254929
C04M3_subsampled_40Gb_bin.15	643	0.036460508	2323610	7318	0.3500497	2323610	9935	0.4394369	2323610	1512	0.07489467	2323610	1864	0.10202616	2323610	624	0.03201656	2323610	575	0.029205848	2323610	25	0.0009894087	2323610	12321	0.518442	2323610	3743	0.19253317	2323610	6246	0.3072297	2323610	791	0.03565788	2323610	1347	0.042663354	2323610	491	0.015549942	2323610	4666	0.19147275	2323610	171	0.0043677725	2323610	1364	0.03888389	2323610	715	0.019740835	2323610	475	0.022409527	2323610	3156	0.12218961	2323610	281	0.0052237683	2323610	19308	0.58128947	2323610
C04M3_subsampled_40Gb_bin.16	3271	0.22213352	1764889	1915	0.14097601	1764889	5181	0.332477	1764889	4082	0.26401094	1764889	3619	0.24627328	1764889	6617	0.4008575	1764889	5342	0.33778724	1764889	452	0.034092795	1764889	3171	0.22415291	1764889	1675	0.122384466	1764889	12	0.00084537896	1764889	8	0.00060003775	1764889	32	0.0017309871	1764889	19	0.0009671996	1764889	20	0.0010000629	1764889	3	0.00025327373	1764889	15	0.0008550113	1764889	7	0.00032919916	1764889	16	0.00061420293	1764889	18	0.0009247041	1764889	25	0.0013887559	1764889	31	0.0017315537	1764889
C04M3_subsampled_40Gb_bin.20	5520	0.22656833	2820690	85785	0.9716793	2820690	97840	0.9742779	2820690	52967	0.9012639	2820690	14675	0.49716347	2820690	43010	0.852211	2820690	55701	0.90875745	2820690	2404	0.10924171	2820690	52777	0.90081114	2820690	24839	0.6538776	2820690	53059	0.8994299	2820690	12554	0.34303024	2820690	20122	0.37530142	2820690	10207	0.2668985	2820690	18217	0.4194573	2820690	4893	0.15179017	2820690	28984	0.54483974	2820690	8505	0.25681588	2820690	1193	0.04347199	2820690	17233	0.3713953	2820690	16660	0.39815614	2820690	21581	0.37112728	2820690
C04M3_subsampled_40Gb_bin.25	13695	0.36360148	4032657	45142	0.76541793	4032657	35734	0.6830583	4032657	50885	0.80196255	4032657	19571	0.47993964	4032657	28106	0.5976938	4032657	41520	0.74175143	4032657	22396	0.5275249	4032657	32386	0.64351916	4032657	15547	0.37152305	4032657	4893	0.09565728	4032657	2750	0.064129926	4032657	4495	0.09502668	4032657	5493	0.120060794	4032657	10270	0.21832132	4032657	2479	0.05410527	4032657	4561	0.09179705	4032657	2026	0.045171708	4032657	705	0.01709419	4032657	2328	0.05191019	4032657	2090	0.046648897	4032657	6203	0.09833318	4032657
C04M3_subsampled_40Gb_bin.26	659	0.026126299	3260967	28561	0.6932416	3260967	16208	0.49142325	3260967	7220	0.2527913	3260967	3516	0.13461773	3260967	1059	0.038592234	3260967	1824	0.06684459	3260967	544	0.022202004	3260967	12092	0.3975934	3260967	8265	0.28871498	3260967	7249	0.25831294	3260967	776	0.023515724	3260967	2972	0.08722627	3260967	1493	0.049974132	3260967	12014	0.32442278	3260967	2792	0.083812565	3260967	1553	0.042983264	3260967	3915	0.11057886	3260967	1298	0.041321486	3260967	1951	0.0615526	3260967	5657	0.16634084	3260967	963	0.029723085	3260967
C04M3_subsampled_40Gb_bin.28	3949	0.08385853	5455450	217929	0.99075496	5455450	131501	0.9488979	5455450	17561	0.30302653	5455450	22670	0.4213601	5455450	8040	0.13482592	5455450	9720	0.15591949	5455450	2258	0.049766015	5455450	62206	0.7731397	5455450	72224	0.8155785	5455450	139653	0.9596963	5455450	10891	0.12749305	5455450	15002	0.14268172	5455450	10093	0.11427783	5455450	29259	0.23723653	5455450	5298	0.0739664	5455450	24364	0.20441009	5455450	8736	0.092236385	5455450	2410	0.035775416	5455450	5101	0.06687496	5455450	6245	0.09517565	5455450	10980	0.16010283	5455450
C04M3_subsampled_40Gb_bin.2	252	0.0081868	3252675	39289	0.80079687	3252675	45531	0.8472854	3252675	1414	0.040308055	3252675	5678	0.21080157	3252675	618	0.013594042	3252675	663	0.015041466	3252675	88	0.0027405135	3252675	1214	0.027239734	3252675	793	0.011564327	3252675	7356	0.2620268	3252675	234	0.0036969571	3252675	692	0.006346776	3252675	225	0.0042718686	3252675	438	0.00688295	3252675	138	0.0035367813	3252675	515	0.008446586	3252675	391	0.009086368	3252675	239	0.0075814524	3252675	472	0.0049445457	3252675	187	0.0028893142	3252675	514	0.0075331843	3252675
C04M3_subsampled_40Gb_bin.30	1266	0.050002225	2921730	42794	0.84605765	2921730	24143	0.6529799	2921730	5619	0.19838794	2921730	9127	0.3395875	2921730	2437	0.08641182	2921730	2534	0.07759136	2921730	154	0.006831569	2921730	17855	0.5477748	2921730	13527	0.45312023	2921730	1991	0.057559732	2921730	1484	0.034477517	2921730	3267	0.04815195	2921730	1752	0.035597403	2921730	1692	0.03194306	2921730	619	0.014766936	2921730	4753	0.0638341	2921730	3009	0.04436926	2921730	337	0.010507474	2921730	3083	0.05227143	2921730	2625	0.051177558	2921730	3906	0.061986562	2921730
C04M3_subsampled_40Gb_bin.31	8360	0.24585648	3948999	26678	0.58684593	3948999	33616	0.67454815	3948999	35485	0.68367577	3948999	20870	0.50797886	3948999	6160	0.17163691	3948999	12761	0.3294283	3948999	1345	0.04191543	3948999	21423	0.5072569	3948999	6218	0.16410919	3948999	1136	0.019101549	3948999	1313	0.010467716	3948999	3410	0.012303878	3948999	970	0.010905296	3948999	1568	0.014917451	3948999	467	0.006805522	3948999	2360	0.012480885	3948999	1609	0.009532289	3948999	343	0.0052646254	3948999	1386	0.013738671	3948999	1076	0.011510765	3948999	1549	0.015656626	3948999
C04M3_subsampled_40Gb_bin.36	13983	0.50796366	2676717	218	0.011357197	2676717	717	0.036234684	2676717	11118	0.42184362	2676717	27519	0.74427104	2676717	3059	0.14197354	2676717	3175	0.14914577	2676717	44642	0.8833963	2676717	2203	0.108490735	2676717	8048	0.33628583	2676717	4494	0.20656611	2676717	0	0	2676717	1	0.000053797245	2676717	1	0.000056038796	2676717	4	0.00015690863	2676717	0	0	2676717	0	0	2676717	2	0.00011207759	2676717	0	0	2676717	1	0.000055665205	2676717	0	0	2676717	0	0	2676717
C04M3_subsampled_40Gb_bin.3	3292	0.17620118	2321897	848	0.04790006	2321897	4236	0.22022165	2321897	3415	0.17637949	2321897	37490	0.88651	2321897	1921	0.107169695	2321897	908	0.05225081	2321897	9563	0.42769513	2321897	10406	0.46059623	2321897	674	0.038691208	2321897	3527	0.19019362	2321897	15	0.00072483835	2321897	1	0.00006460235	2321897	69	0.003935575	2321897	141	0.008147649	2321897	27	0.0017222986	2321897	5	0.00032301174	2321897	5	0.00023687528	2321897	23	0.0014091926	2321897	78	0.0041341195	2321897	27	0.0016947349	2321897	30	0.0016520974	2321897
C04M3_subsampled_40Gb_bin.40	2752	0.13751058	2569526	18203	0.6056467	2569526	14303	0.5245746	2569526	11786	0.44820875	2569526	5408	0.24549197	2569526	5467	0.24257198	2569526	6272	0.26367235	2569526	235	0.012903158	2569526	10504	0.41636357	2569526	3930	0.18147744	2569526	23547	0.70191467	2569526	2990	0.11096949	2569526	21091	0.5467242	2569526	16749	0.4951668	2569526	5469	0.19770455	2569526	3915	0.13558532	2569526	12712	0.34733292	2569526	3982	0.14020874	2569526	1715	0.06480962	2569526	4938	0.17111483	2569526	4172	0.11020437	2569526	26991	0.6105574	2569526
C04M3_subsampled_40Gb_bin.43	1713	0.070256114	3048290	13730	0.44275117	3048290	11137	0.3789295	3048290	6701	0.24399582	3048290	2032	0.078765474	3048290	6799	0.24859151	3048290	12629	0.4131431	3048290	2057	0.084993556	3048290	9857	0.3457473	3048290	1598	0.05245761	3048290	6002	0.21743272	3048290	1045	0.028095752	3048290	2461	0.07878909	3048290	2922	0.10097038	3048290	2298	0.0731269	3048290	607	0.018655049	3048290	2046	0.04703621	3048290	1921	0.057887863	3048290	348	0.008956497	3048290	766	0.023105085	3048290	1320	0.048877895	3048290	7999	0.24723402	3048290
C04M3_subsampled_40Gb_bin.47	1789	0.11053576	2060772	985	0.052463833	2060772	789	0.0442276	2060772	3110	0.17532846	2060772	409	0.025651067	2060772	6659	0.35181814	2060772	8849	0.43606764	2060772	45	0.002144342	2060772	3584	0.20852865	2060772	5130	0.28233448	2060772	10934	0.50898355	2060772	160	0.0061860313	2060772	425	0.0096318275	2060772	208	0.007532614	2060772	215	0.008225558	2060772	68	0.0031609514	2060772	420	0.01100704	2060772	179	0.006055983	2060772	47	0.0022229534	2060772	328	0.010038471	2060772	214	0.007975167	2060772	440	0.013491061	2060772
C04M3_subsampled_40Gb_bin.48	10395	0.2910725	4027519	5387	0.13376473	4027519	88423	0.9430977	4027519	9995	0.25099397	4027519	36525	0.69938666	4027519	3518	0.080386214	4027519	8482	0.21288043	4027519	5024	0.15165739	4027519	10078	0.2613984	4027519	56376	0.84010655	4027519	2675	0.060227897	4027519	958	0.014858527	4027519	1998	0.019904561	4027519	1379	0.017618539	4027519	2674	0.039615456	4027519	632	0.010846877	4027519	1787	0.018759936	4027519	1435	0.02248779	4027519	442	0.009640426	4027519	814	0.008508216	4027519	1162	0.01686547	4027519	1676	0.01716193	4027519
C04M3_subsampled_40Gb_bin.4	7741	0.19521604	4494605	29830	0.5196388	4494605	56074	0.70528424	4494605	5066	0.0517516	4494605	24855	0.4856747	4494605	50019	0.67243063	4494605	16959	0.29244417	4494605	1672	0.040007073	4494605	23727	0.40979663	4494605	987339	0.9996289	4494605	76772	0.8871249	4494605	64054	0.7271838	4494605	15042	0.26144567	4494605	44504	0.65045184	4494605	97402	0.8744472	4494605	25614	0.43551034	4494605	84110	0.8236121	4494605	16284	0.3126584	4494605	12437	0.25746801	4494605	1691	0.014781722	4494605	1246	0.0133624645	4494605	4428	0.026051678	4494605
C04M3_subsampled_40Gb_bin.50	5728	0.18541802	3781477	18623	0.46657404	3781477	4983	0.14832644	3781477	22873	0.5367773	3781477	12660	0.36297643	3781477	30446	0.64809465	3781477	35098	0.68650717	3781477	4555	0.14869718	3781477	12927	0.36210003	3781477	14329	0.38561705	3781477	16147	0.4228356	3781477	908	0.0127389375	3781477	16791	0.35344627	3781477	8400	0.20951363	3781477	5013	0.12498741	3781477	1531	0.036567193	3781477	5113	0.10190965	3781477	3459	0.08334072	3781477	8034	0.21624038	3781477	9646	0.22867388	3781477	2483	0.0575857	3781477	10116	0.2379356	3781477
C04M3_subsampled_40Gb_bin.54	1495382	0.9998351	2710068	408107	0.9993	2710068	635841	0.99979484	2710068	782453	0.9998288	2710068	1088348	0.9998594	2710068	542863	0.9998188	2710068	481717	0.99974984	2710068	1793851	0.99984246	2710068	334013	0.99975795	2710068	347268	0.9996812	2710068	698194	0.99983287	2710068	1161491	0.9458641	2710068	422859	0.9423933	2710068	1356747	0.9460504	2710068	1191062	0.945242	2710068	2388300	0.94657034	2710068	518580	0.9437195	2710068	512177	0.9444246	2710068	1364849	0.94681054	2710068	571546	0.94446045	2710068	889567	0.9449294	2710068	168299	0.94117934	2710068
C04M3_subsampled_40Gb_bin.63	10598	0.30193257	3846892	94332	0.9555277	3846892	116408	0.9795749	3846892	34337	0.6691212	3846892	12464	0.34788916	3846892	46565	0.78493106	3846892	60594	0.8632275	3846892	1557	0.049051806	3846892	205132	0.99857026	3846892	3064	0.024562426	3846892	34165	0.6780869	3846892	626	0.0057506165	3846892	1565	0.009571883	3846892	1121	0.00859837	3846892	1316	0.009164281	3846892	493	0.0061129867	3846892	1335	0.008710928	3846892	875	0.0071473285	3846892	219	0.0041394457	3846892	738	0.0064735375	3846892	539	0.005736319	3846892	1480	0.009392258	3846892
C04M3_subsampled_40Gb_bin.64	7965	0.24522209	3347704	51771	0.82822764	3347704	39271	0.7469224	3347704	18366	0.4118124	3347704	7893	0.24913104	3347704	7757	0.21200202	3347704	13581	0.32824826	3347704	3009	0.10903383	3347704	34799	0.7139875	3347704	44140	0.78195953	3347704	54057	0.8432902	3347704	32243	0.6114662	3347704	41731	0.64295113	3347704	21240	0.43673006	3347704	41829	0.67175084	3347704	9888	0.23889656	3347704	46482	0.6808598	3347704	15209	0.32353756	3347704	3718	0.10122072	3347704	23359	0.44119194	3347704	17898	0.36700916	3347704	14274	0.2178302	3347704
C04M3_subsampled_40Gb_bin.66	12614	0.6411991	1651852	3343	0.24068016	1651852	1290	0.099811606	1651852	3435	0.23547389	1651852	5830	0.37997714	1651852	534	0.04207641	1651852	4219	0.29110417	1651852	8611	0.49635804	1651852	8485	0.49732423	1651852	907	0.07217414	1651852	169	0.013400111	1651852	5	0.00029663675	1651852	0	0	1651852	0	0	1651852	1	0.00009080717	1651852	3	0.00023488788	1651852	0	0	1651852	6	0.00045887887	1651852	2	0.00005508968	1651852	0	0	1651852	0	0	1651852	0	0	1651852
C04M3_subsampled_40Gb_bin.68	9620	0.4311371	2298967	3596	0.18168421	2298967	9654	0.4331354	2298967	8917	0.40107536	2298967	9516	0.43363345	2298967	2586	0.13232465	2298967	3434	0.17224388	2298967	3300	0.17530395	2298967	11307	0.48748067	2298967	4408	0.22177613	2298967	7138	0.3420184	2298967	7832	0.3162416	2298967	7385	0.2724402	2298967	9000	0.34118846	2298967	6251	0.2557579	2298967	5632	0.22256213	2298967	4225	0.16298494	2298967	4430	0.1884677	2298967	9228	0.36074942	2298967	7732	0.29817784	2298967	5985	0.23496988	2298967	660	0.01974017	2298967
C04M3_subsampled_40Gb_bin.72	12939	0.37753412	3667160	4346	0.1346099	3667160	18369	0.48765665	3667160	14812	0.40961617	3667160	11116	0.33588526	3667160	42516	0.78834087	3667160	20749	0.52606976	3667160	2518	0.08904002	3667160	14806	0.42007548	3667160	6193	0.1992591	3667160	2054	0.06192994	3667160	14972	0.357481	3667160	61143	0.8193275	3667160	124312	0.9686507	3667160	22067	0.48240328	3667160	54688	0.77397984	3667160	20171	0.2739256	3667160	11496	0.23642164	3667160	11864	0.30320412	3667160	40352	0.6916971	3667160	71434	0.87056875	3667160	7363	0.18815269	3667160
C04M3_subsampled_40Gb_bin.74	280	0.006020122	4156394	87974	0.9396785	4156394	29540	0.61313915	4156394	1427	0.019803464	4156394	41474	0.7383725	4156394	1172	0.010378708	4156394	1626	0.01522257	4156394	264	0.0057140877	4156394	10374	0.27256608	4156394	1592	0.032693725	4156394	737	0.0103529645	4156394	375	0.005010834	4156394	949	0.008344493	4156394	725	0.009503911	4156394	781	0.010063291	4156394	275	0.00464417	4156394	1144	0.011358885	4156394	708	0.008896895	4156394	262	0.0052389163	4156394	587	0.00640868	4156394	487	0.006365133	4156394	799	0.009157938	4156394
C04M3_subsampled_40Gb_bin.77	6666	0.17115882	4704578	25262	0.49985144	4704578	14027	0.31708816	4704578	18517	0.39768413	4704578	11737	0.28201	4704578	16092	0.3565406	4704578	20532	0.43119913	4704578	3245	0.086338244	4704578	27086	0.53275275	4704578	4268	0.09770228	4704578	5043	0.117562085	4704578	598	0.0045213406	4704578	1379	0.011866101	4704578	1202	0.010791191	4704578	1683	0.010061689	4704578	466	0.0050776075	4704578	1608	0.008513835	4704578	1079	0.0065497905	4704578	325	0.0035854438	4704578	543	0.00540346	4704578	641	0.0069972267	4704578	949	0.00684631	4704578
C04M3_subsampled_40Gb_bin.7	8172	0.37700102	2398036	1545	0.08365054	2398036	6380	0.30608463	2398036	6231	0.29456815	2398036	10049	0.4399375	2398036	2479	0.12944968	2398036	2155	0.11532854	2398036	8348	0.37926662	2398036	5123	0.25740147	2398036	2372	0.12862067	2398036	3677	0.1890939	2398036	8447	0.32750967	2398036	343	0.014194115	2398036	9325	0.34789386	2398036	3754	0.15846218	2398036	9587	0.3371117	2398036	2215	0.08919549	2398036	2324	0.10054978	2398036	13574	0.46411687	2398036	2493	0.106711075	2398036	4815	0.19328234	2398036	1761	0.07770025	2398036
C04M3_subsampled_40Gb_bin.81	786	0.030737996	3265665	21177	0.58100843	3265665	14045	0.44085202	3265665	1977	0.07209895	3265665	6172	0.22620171	3265665	2275	0.084985755	3265665	5483	0.19880638	3265665	2678	0.104843274	3265665	47692	0.8577432	3265665	11264	0.3750311	3265665	2752	0.102012604	3265665	785	0.023969084	3265665	2610	0.078168765	3265665	3255	0.10349194	3265665	4683	0.14902753	3265665	973	0.030930912	3265665	2888	0.080480695	3265665	607	0.013524045	3265665	206	0.00619935	3265665	886	0.02390631	3265665	1010	0.028407691	3265665	831	0.02282169	3265665
C04M3_subsampled_40Gb_bin.84	35573	0.739769	3076989	2636	0.07451603	3076989	11512	0.35680467	3076989	9237	0.27336755	3076989	16342	0.44477963	3076989	11521	0.35379976	3076989	7365	0.24484813	3076989	17932	0.4523136	3076989	29599	0.69773537	3076989	46302	0.84200984	3076989	266843	0.9937569	3076989	17588	0.059113633	3076989	3151	0.03953378	3076989	17175	0.06138046	3076989	14724	0.058056757	3076989	21230	0.06303922	3076989	7572	0.051622543	3076989	6773	0.049205896	3076989	20937	0.06027776	3076989	9517	0.061979096	3076989	23098	0.115142435	3076989	162898	0.98969644	3076989
C04M3_subsampled_40Gb_bin.89	7	0.00049841654	1717439	13163	0.64147663	1717439	20089	0.7920648	1717439	83	0.0067000925	1717439	32761	0.9243711	1717439	8	0.0005781865	1717439	4	0.00022533552	1717439	3	0.000097237804	1717439	17	0.0012949514	1717439	4	0.00034644606	1717439	21	0.0008297238	1717439	31	0.0013846197	1717439	31	0.0015552227	1717439	39	0.0017200029	1717439	18	0.001156373	1717439	4	0.00026201803	1717439	31	0.0014958319	1717439	38	0.0020658667	1717439	22	0.0011156145	1717439	63	0.0030900661	1717439	12	0.0006364127	1717439	12	0.0006055528	1717439
C04M3_subsampled_40Gb_bin.93	6663	0.17570351	4620380	36217	0.6464202	4620380	24509	0.5055545	4620380	17279	0.38041243	4620380	7624	0.1980138	4620380	26262	0.52793014	4620380	21740	0.46206307	4620380	3788	0.104214154	4620380	7661	0.1840498	4620380	13397	0.31233102	4620380	2597	0.054670393	4620380	1841	0.013034426	4620380	5749	0.016605994	4620380	1362	0.012785096	4620380	1861	0.01678087	4620380	603	0.007973586	4620380	3132	0.015643734	4620380	2103	0.012288383	4620380	402	0.005885663	4620380	1954	0.01849653	4620380	1330	0.012717136	4620380	1829	0.016828487	4620380
C04M3_subsampled_40Gb_bin.94	2398	0.09865348	3136453	11956	0.4047888	3136453	8003	0.2935896	3136453	11318	0.3828312	3136453	2598	0.10669983	3136453	5873	0.22466111	3136453	10324	0.3609606	3136453	1671	0.07041425	3136453	20214	0.5877458	3136453	3449	0.13770396	3136453	2817	0.111102894	3136453	710	0.023426782	3136453	9184	0.26358342	3136453	10640	0.31376272	3136453	10374	0.30379093	3136453	4200	0.13036223	3136453	2409	0.075195454	3136453	1134	0.03672524	3136453	627	0.022448925	3136453	1723	0.05704246	3136453	2066	0.06704453	3136453	4109	0.1254892	3136453
C04M3_subsampled_40Gb_bin.96	27950	0.74952734	2696278	304	0.0137029635	2696278	691	0.030303255	2696278	12343	0.45047283	2696278	2872	0.1252471	2696278	8293	0.33970866	2696278	6936	0.29157972	2696278	27773	0.7449525	2696278	567	0.023577316	2696278	455	0.021101682	2696278	3244	0.14985324	2696278	3421	0.1303916	2696278	58	0.001973832	2696278	184	0.005219417	2696278	377	0.0149795385	2696278	275	0.008564399	2696278	1058	0.037045512	2696278	590	0.023872538	2696278	1486	0.05139381	2696278	5035	0.18165672	2696278	22305	0.577808	2696278	40384	0.8049982	2696278
C04M3_subsampled_40Gb_bin.99	2193	0.13386008	2088427	1320	0.08261625	2088427	1288	0.08165476	2088427	4487	0.2477975	2088427	1626	0.10201219	2088427	2942	0.17487803	2088427	3564	0.20630312	2088427	803	0.050968505	2088427	2561	0.15472603	2088427	1411	0.087312125	2088427	508	0.03256039	2088427	438	0.022456136	2088427	5075	0.22122295	2088427	4644	0.21524957	2088427	1184	0.0600495	2088427	1780	0.08122189	2088427	1795	0.083015114	2088427	1206	0.06036936	2088427	1016	0.049018234	2088427	4536	0.20597464	2088427	3682	0.17400369	2088427	7011	0.30666	2088427
C13F5_hifiasm_r63_complete.24	7355	0.37752753	2009358	9347	0.46070886	2009358	5610	0.31109092	2009358	4841	0.2632846	2009358	5523	0.30139726	2009358	3919	0.21788302	2009358	4441	0.25036007	2009358	3691	0.2155365	2009358	19518	0.738935	2009358	11724	0.54287887	2009358	1924	0.042335413	2009358	15248	0.559639	2009358	21943	0.6520197	2009358	7535	0.3341351	2009358	2587	0.12366388	2009358	22546	0.6711587	2009358	16745	0.56334907	2009358	40030	0.87422997	2009358	8524	0.32360137	2009358	25299	0.5415571	2009358	24179	0.66889775	2009358	6580	0.21746299	2009358
C13F5_hifiasm_r63_complete.2	272539	0.97779024	1832257	173208	0.97873986	1832257	266425	0.9788627	1832257	225721	0.9777821	1832257	236380	0.9783742	1832257	94856	0.97592807	1832257	98288	0.9757561	1832257	159786	0.97754353	1832257	228373	0.9785363	1832257	377827	0.9777297	1832257	139978	0.9785947	1832257	471621	0.984178	1832257	139820	0.9887303	1832257	117457	0.9768668	1832257	140189	0.974181	1832257	280473	0.98282886	1832257	183747	0.9807069	1832257	304292	0.98333806	1832257	189415	0.98095846	1832257	667250	0.9304508	1832257	181585	0.9268989	1832257	143438	0.92540073	1832257
C13F5_hifiasm_r63_complete.36	452834	0.98524415	2804856	37984	0.83425	2804856	100641	0.97626084	2804856	501700	0.9852021	2804856	1299063	0.9853668	2804856	97846	0.9753374	2804856	67600	0.9476433	2804856	347624	0.98520315	2804856	208655	0.98499995	2804856	55140	0.918117	2804856	90	0.0015455339	2804856	424	0.016283188	2804856	19	0.0006274832	2804856	2420	0.091595076	2804856	4250	0.15313834	2804856	421529	0.9994699	2804856	280	0.0108825555	2804856	17174	0.49193293	2804856	330712	0.99961424	2804856	546484	0.9999187	2804856	1585102	1	2804856	7625	0.2619443	2804856
C13F5_hifiasm_r63_complete.37	40545	0.8286858	2785963	5179	0.20054896	2785963	10929	0.3601627	2785963	13274	0.40317225	2785963	24288	0.6337206	2785963	14636	0.47917578	2785963	13429	0.45449096	2785963	47211	0.86541784	2785963	27823	0.7206962	2785963	26513	0.70988023	2785963	45524	0.871017	2785963	54089	0.85630465	2785963	34226	0.6979418	2785963	92414	0.96230423	2785963	85145	0.9500011	2785963	189368	0.9947541	2785963	23225	0.5468195	2785963	20608	0.5343549	2785963	62697	0.8826327	2785963	184996	0.99802655	2785963	296479	0.9995671	2785963	277752	0.9995933	2785963
C13F5_hifiasm_r63_complete.3	729404	0.9999968	3132125	200000	0.9992497	3132125	313087	0.9999904	3132125	226539	0.99967784	3132125	556863	1	3132125	149214	0.9963919	3132125	142986	0.9957936	3132125	466512	0.99999875	3132125	404747	0.9999962	3132125	246482	0.9999173	3132125	181846	0.997655	3132125	40666	0.07634401	3132125	13573	0.06283115	3132125	48904	0.17918378	3132125	35164	0.06395594	3132125	67961	0.06702095	3132125	18410	0.08015772	3132125	18802	0.08579	3132125	102005	0.8183585	3132125	445918	0.9991945	3132125	284465	0.9969723	3132125	40864	0.658081	3132125
C13F5_hifiasm_r63_complete.41	13659	0.57728016	1879616	11588	0.5227126	1879616	15960	0.62991166	1879616	20248	0.7277577	1879616	5633	0.23854873	1879616	7254	0.3737806	1879616	38595	0.91672397	1879616	20874	0.7460455	1879616	7485	0.35744163	1879616	11357	0.479117	1879616	3690	0.17288797	1879616	38104	0.8584956	1879616	214883	0.99420893	1879616	302068	0.9984018	1879616	43390	0.88639915	1879616	202204	0.99480796	1879616	278182	0.9972037	1879616	497550	0.9998383	1879616	41950	0.8837917	1879616	19826	0.24065554	1879616	51208	0.90574193	1879616	10154	0.3417698	1879616
C13F5_hifiasm_r63_metabat2.100	21856	0.52449	2426233	3603	0.14686719	2426233	11090	0.38888764	2426233	10932	0.30666593	2426233	25041	0.59997	2426233	9338	0.30531856	2426233	7920	0.2921496	2426233	31591	0.6849623	2426233	20340	0.6237163	2426233	6567	0.21648951	2426233	13851	0.4054186	2426233	61270	0.90639853	2426233	8873	0.27314484	2426233	33232	0.69702005	2426233	10912	0.24852806	2426233	18538	0.32018113	2426233	17132	0.46345177	2426233	11809	0.32689977	2426233	299899	0.99991673	2426233	13161	0.28053117	2426233	10475	0.082389034	2426233	6896	0.050812926	2426233
C13F5_hifiasm_r63_metabat2.48	338061	0.9963236	4902623	139464	0.79420483	4902623	293901	0.9950598	4902623	611222	0.9972782	4902623	185304	0.98379195	4902623	951154	0.997321	4902623	1131857	0.99758494	4902623	376176	0.9963352	4902623	420237	0.99757296	4902623	611970	0.997187	4902623	449087	0.99723375	4902623	567316	0.99372417	4902623	901560	0.9959703	4902623	1309717	0.99928874	4902623	742176	0.9894707	4902623	419846	0.98629284	4902623	905480	0.99682784	4902623	607666	0.99550426	4902623	257341	0.9732096	4902623	971855	0.99863356	4902623	856499	0.9982589	4902623	523728	0.9880189	4902623
C13F5_hifiasm_r63_metabat2.70	3518	0.047199644	3662909	13199	0.059394594	3662909	11089	0.06319376	3662909	11133	0.07699209	3662909	3795	0.04390336	3662909	10878	0.088741764	3662909	12814	0.103964366	3662909	1680	0.021791968	3662909	14411	0.08945895	3662909	13131	0.060242828	3662909	9617	0.043906633	3662909	8299	0.09085047	3662909	21135	0.2832339	3662909	8787	0.077404596	3662909	11633	0.10671982	3662909	4362	0.051640376	3662909	15026	0.09694071	3662909	7804	0.06379329	3662909	1924	0.022683883	3662909	36262	0.59169036	3662909	59414	0.7950386	3662909	56034	0.7354076	3662909
C13F5_hifiasm_r63_metabat2.90	19221	0.17621434	4555163	76929	0.37717485	4555163	77502	0.4529682	4555163	71581	0.26082602	4555163	24062	0.16230682	4555163	66744	0.18533497	4555163	75617	0.18229292	4555163	10585	0.10077269	4555163	89833	0.5125674	4555163	77937	0.18747035	4555163	77053	0.6714715	4555163	84076	0.8091895	4555163	607882	0.9970636	4555163	44483	0.4428792	4555163	363503	0.9887563	4555163	82633	0.7990625	4555163	45498	0.114144325	4555163	25141	0.106208935	4555163	9285	0.07758142	4555163	379295	0.99471104	4555163	53114	0.59408325	4555163	74063	0.16828157	4555163
C13F5_hifiasm_r63_semibin2_26	8713	0.26097456	3077936	32762	0.47726658	3077936	25564	0.41756067	3077936	24995	0.49504277	3077936	8550	0.20652606	3077936	19425	0.3960417	3077936	19768	0.29846203	3077936	1611	0.04933371	3077936	22836	0.40520367	3077936	22032	0.3961252	3077936	17576	0.34194732	3077936	27049	0.47704434	3077936	60676	0.6967078	3077936	36351	0.5870473	3077936	55625	0.7824552	3077936	15896	0.33914903	3077936	82152	0.8616729	3077936	37779	0.61134475	3077936	12162	0.31344056	3077936	53398	0.708043	3077936	46174	0.7121802	3077936	84311	0.8850749	3077936
C13F5_hifiasm_r63_semibin2_41	901	0.06009698	1843487	855	0.059608772	1843487	2537	0.16662662	1843487	568	0.039283704	1843487	1746	0.113604814	1843487	564	0.041092776	1843487	382	0.023852622	1843487	394	0.026443908	1843487	1702	0.11473691	1843487	2776	0.17967254	1843487	1554	0.103219606	1843487	2977	0.18120062	1843487	52	0.0030583346	1843487	13	0.00085652893	1843487	182	0.013180999	1843487	221	0.014693893	1843487	1087	0.070624314	1843487	3764	0.21623424	1843487	153	0.010914099	1843487	543	0.03729454	1843487	552	0.037084613	1843487	403	0.028292036	1843487
C13F5_hifiasm_r63_semibin2_7	744900	0.99986446	3201630	90567	0.97251993	3201630	239743	0.9994837	3201630	520348	0.9996452	3201630	427922	0.999792	3201630	177454	0.9986713	3201630	176184	0.9984258	3201630	860288	0.9998432	3201630	223818	0.9992672	3201630	129675	0.99413425	3201630	164177	0.997039	3201630	300346	0.9989889	3201630	8328	0.07460887	3201630	38395	0.38953003	3201630	139575	0.9747835	3201630	47520	0.34668684	3201630	83407	0.89819247	3201630	58397	0.811839	3201630	116474	0.92503446	3201630	114977	0.9499196	3201630	239167	0.99588585	3201630	188916	0.9951003	3201630
C13F5_subsampled_20Gb_Hybrid_bin.10	6028	0.1911903	3820539	13258	0.36971512	3820539	11748	0.34024152	3820539	13171	0.36303517	3820539	3142	0.104303345	3820539	5424	0.17120071	3820539	11036	0.32040113	3820539	1016	0.033815123	3820539	10573	0.31037322	3820539	7394	0.23075853	3820539	11412	0.32521957	3820539	5194	0.1353029	3820539	12971	0.289333	3820539	16547	0.3719271	3820539	17189	0.38234842	3820539	9457	0.22143054	3820539	31131	0.55299264	3820539	17489	0.39055666	3820539	20112	0.4330622	3820539	7381	0.18380208	3820539	10729	0.25571603	3820539	11240	0.2771473	3820539
C13F5_subsampled_20Gb_Hybrid_bin.13	5	0.00031969734	2339713	11388	0.4834409	2339713	4971	0.2520993	2339713	36	0.0017258527	2339713	23	0.0013531575	2339713	11	0.00051630265	2339713	20	0.00083343557	2339713	2	0.00006795705	2339713	18252	0.6560352	2339713	24	0.001055685	2339713	930	0.052577816	2339713	12	0.0003718405	2339713	3811	0.16634177	2339713	2263	0.11306686	2339713	13	0.00037013087	2339713	4	0.0002547321	2339713	14	0.0004205644	2339713	6	0.00029576276	2339713	3	0.00010086707	2339713	7426	0.30160195	2339713	960	0.048920102	2339713	17587	0.5441928	2339713
C13F5_subsampled_20Gb_Hybrid_bin.19	6861	0.15023492	3248652	28662	0.3265545	3248652	29157	0.44563314	3248652	20743	0.20074326	3248652	9122	0.16087504	3248652	24639	0.36849254	3248652	31875	0.37698343	3248652	2859	0.061354063	3248652	30827	0.54858536	3248652	22653	0.4127198	3248652	151402	0.9862112	3248652	199189	0.9900642	3248652	820275	0.9945679	3248652	227892	0.99117756	3248652	120416	0.95566314	3248652	81046	0.8865816	3248652	284121	0.9934659	3248652	122511	0.9550678	3248652	5134	0.08009753	3248652	312357	0.9938802	3248652	249361	0.99115294	3248652	231765	0.9912659	3248652
C13F5_subsampled_20Gb_Hybrid_bin.22	352	0.009392265	3510761	2584	0.07641933	3510761	1733	0.04625778	3510761	1403	0.023271307	3510761	710	0.01721792	3510761	1139	0.016655363	3510761	1353	0.0204252	3510761	171	0.0038940276	3510761	1584	0.0383461	3510761	1138	0.021488503	3510761	2089	0.065026924	3510761	5701	0.16034529	3510761	25597	0.52170795	3510761	27580	0.57800686	3510761	14129	0.3488107	3510761	4542	0.12466727	3510761	25391	0.5144902	3510761	6701	0.18507896	3510761	4582	0.13540113	3510761	3992	0.10394755	3510761	5531	0.14878227	3510761	8502	0.21410857	3510761
C13F5_subsampled_20Gb_Hybrid_bin.24	2484	0.1248755	2482889	2192	0.08862378	2482889	2099	0.08844858	2482889	5701	0.2322484	2482889	2127	0.10123087	2482889	4072	0.17039344	2482889	4922	0.1982509	2482889	909	0.047560725	2482889	3315	0.14386185	2482889	2175	0.089312896	2482889	895	0.039323144	2482889	1110	0.035894074	2482889	9318	0.29845634	2482889	8293	0.29598424	2482889	2417	0.0890076	2482889	3141	0.111332804	2482889	3927	0.11865814	2482889	2636	0.08410404	2482889	1715	0.068754986	2482889	8571	0.28432885	2482889	6545	0.23520786	2482889	13038	0.41469193	2482889
C13F5_subsampled_20Gb_Hybrid_bin.28	4537	0.2462852	2120233	6187	0.32199574	2120233	5925	0.31587756	2120233	7622	0.35833657	2120233	5448	0.2877566	2120233	6432	0.33510327	2120233	4744	0.25110683	2120233	6231	0.32221836	2120233	2649	0.15074664	2120233	10442	0.48584282	2120233	45178	0.93953025	2120233	7982	0.29733524	2120233	80645	0.9688388	2120233	127460	0.9939318	2120233	34697	0.8189553	2120233	9451	0.34033853	2120233	41153	0.8495307	2120233	7637	0.2936663	2120233	841	0.016829282	2120233	6731	0.08320642	2120233	3758	0.06187952	2120233	3754	0.13634917	2120233
C13F5_subsampled_20Gb_Hybrid_bin.31	6057	0.18208224	3887183	7801	0.22194016	3887183	11456	0.31766886	3887183	23038	0.5077775	3887183	9718	0.2748332	3887183	45349	0.76548827	3887183	33625	0.6411275	3887183	4231	0.12903303	3887183	8931	0.252303	3887183	12627	0.20564404	3887183	7562	0.21284643	3887183	17947	0.37948123	3887183	38483	0.62722236	3887183	30798	0.56891227	3887183	12569	0.28861722	3887183	8252	0.19343005	3887183	16575	0.33790433	3887183	15884	0.35877088	3887183	4254	0.11330236	3887183	25680	0.4993683	3887183	6432	0.15251045	3887183	24082	0.46515742	3887183
C13F5_subsampled_20Gb_Hybrid_bin.35	1433	0.016766438	4877303	4453	0.018833155	4877303	3828	0.025210654	4877303	3754	0.029023828	4877303	1718	0.01281938	4877303	7016	0.11605553	4877303	22024	0.41961306	4877303	2592	0.05997659	4877303	5841	0.09208081	4877303	3529	0.017277377	4877303	6011	0.08726298	4877303	7100	0.11997573	4877303	79724	0.79379195	4877303	35240	0.52673495	4877303	64589	0.73521024	4877303	29682	0.44653755	4877303	51123	0.6159884	4877303	16248	0.2732957	4877303	7434	0.13522904	4877303	120881	0.91915923	4877303	25751	0.41269898	4877303	26013	0.39637706	4877303
C13F5_subsampled_20Gb_Hybrid_bin.38	453	0.0074381647	2806203	1035	0.014524609	2806203	999	0.0135963075	2806203	4705	0.017609917	2806203	1226	0.007237894	2806203	4122	0.008892443	2806203	6483	0.013442719	2806203	416	0.004574865	2806203	804	0.018866062	2806203	477	0.009665017	2806203	735	0.010789312	2806203	3661	0.1364046	2806203	16664	0.45556897	2806203	10030	0.32647994	2806203	3177	0.10987658	2806203	4404	0.1492743	2806203	7972	0.25399622	2806203	6959	0.23769271	2806203	1282	0.05025403	2806203	12080	0.3716987	2806203	9325	0.3007238	2806203	28687	0.6564596	2806203
C13F5_subsampled_20Gb_Hybrid_bin.3	26348	0.8034379	2125883	2364	0.13905187	2125883	7673	0.38394165	2125883	13714	0.56769305	2125883	15373	0.62340164	2125883	14873	0.60922307	2125883	13507	0.5647799	2125883	6307	0.32354885	2125883	9493	0.45484912	2125883	684	0.038882196	2125883	62578	0.96637917	2125883	23669	0.70708597	2125883	9017	0.35208523	2125883	7832	0.33696303	2125883	18952	0.622467	2125883	3306	0.1547169	2125883	5026	0.2169936	2125883	36903	0.8277384	2125883	104741	0.97763705	2125883	27662	0.66404736	2125883	8715	0.29548004	2125883	20481	0.6356427	2125883
C13F5_subsampled_20Gb_Hybrid_bin.42	6205	0.06548781	4158820	26965	0.14174573	4158820	23925	0.11627024	4158820	20084	0.09720233	4158820	9184	0.089344814	4158820	19355	0.0961857	4158820	25252	0.15057395	4158820	4281	0.05005867	4158820	25898	0.23723292	4158820	17058	0.08616627	4158820	19719	0.09708114	4158820	44920	0.6243497	4158820	219478	0.9797801	4158820	68290	0.7946415	4158820	133997	0.93703985	4158820	38636	0.5817847	4158820	231326	0.98151135	4158820	204411	0.9796536	4158820	19108	0.3645214	4158820	96603	0.8868883	4158820	43977	0.62220776	4158820	20959	0.10278925	4158820
C13F5_subsampled_20Gb_Hybrid_bin.45	2276	0.06800952	4062093	21629	0.46853384	4062093	38480	0.69260603	4062093	5642	0.14347506	4062093	6761	0.19538327	4062093	10067	0.2606282	4062093	12566	0.30982402	4062093	970	0.028304866	4062093	22055	0.46140918	4062093	8336	0.17481726	4062093	7386	0.19823253	4062093	13431	0.30735633	4062093	5688	0.12749413	4062093	4894	0.1173272	4062093	16611	0.3656551	4062093	3566	0.088825636	4062093	48936	0.700821	4062093	21487	0.44378132	4062093	12459	0.292753	4062093	7390	0.17406617	4062093	11753	0.2674818	4062093	3888	0.081751205	4062093
C13F5_subsampled_20Gb_Hybrid_bin.46	136213	0.9941551	2020747	46141	0.9363394	2020747	20866	0.7478571	2020747	90779	0.9901091	2020747	33350	0.88943547	2020747	154533	0.9942402	2020747	214340	0.9927502	2020747	65302	0.9641217	2020747	120900	0.9932525	2020747	56335	0.9678896	2020747	55965	0.9681677	2020747	187820	0.98855126	2020747	144822	0.97457325	2020747	118731	0.9749429	2020747	43935	0.7913232	2020747	25378	0.7238002	2020747	56698	0.8704811	2020747	121348	0.98479426	2020747	24932	0.7065239	2020747	195867	0.9952107	2020747	67906	0.9341798	2020747	8449	0.37642515	2020747
C13F5_subsampled_20Gb_Hybrid_bin.49	146636	0.95870435	5247479	151378	0.93635	5247479	184515	0.968426	5247479	527535	0.9898092	5247479	79756	0.7987304	5247479	447429	0.9902675	5247479	177222	0.93994313	5247479	9591	0.07078866	5247479	165968	0.9538081	5247479	260150	0.9829937	5247479	412907	0.98859584	5247479	163336	0.93243134	5247479	70127	0.537985	5247479	116658	0.85284305	5247479	524350	0.9852483	5247479	175756	0.9280018	5247479	203730	0.9291191	5247479	70628	0.61398566	5247479	65884	0.69992274	5247479	35485	0.31525156	5247479	102858	0.807475	5247479	763874	0.9909088	5247479
C13F5_subsampled_20Gb_Hybrid_bin.56	12156	0.42853868	2904907	1457	0.06670093	2904907	3547	0.15243138	2904907	9070	0.33672988	2904907	6368	0.25293958	2904907	5726	0.23054852	2904907	4364	0.18433775	2904907	14737	0.4952286	2904907	5009	0.20898397	2904907	2798	0.119505376	2904907	4239	0.17685454	2904907	14522	0.42264107	2904907	1349	0.040704574	2904907	12154	0.3570765	2904907	6109	0.19197206	2904907	13071	0.36395726	2904907	5423	0.16929217	2904907	6347	0.20895883	2904907	32029	0.6918149	2904907	13109	0.37387943	2904907	13191	0.37810504	2904907	14429	0.41739926	2904907
C13F5_subsampled_20Gb_Hybrid_bin.65	4457	0.13452461	3945018	13308	0.3018354	3945018	14156	0.29717457	3945018	39001	0.70053416	3945018	4300	0.113664374	3945018	8626	0.23770614	3945018	19135	0.45582858	3945018	5581	0.16930011	3945018	17817	0.418627	3945018	10737	0.24096215	3945018	6930	0.17529553	3945018	20577	0.4252835	3945018	42767	0.6572211	3945018	32617	0.5857284	3945018	66290	0.81043583	3945018	4172	0.09816229	3945018	4946	0.08173702	3945018	7248	0.1638322	3945018	1689	0.037301477	3945018	2609	0.06289806	3945018	20508	0.41610304	3945018	10064	0.2218796	3945018
C13F5_subsampled_20Gb_Hybrid_bin.78	12611	0.23046868	5334829	17722	0.087265216	5334829	20139	0.21351312	5334829	21105	0.12940021	5334829	9925	0.13749157	5334829	47119	0.5477124	5334829	57632	0.6023044	5334829	10254	0.1978159	5334829	23118	0.14576305	5334829	74456	0.69761354	5334829	26308	0.37462568	5334829	8936	0.09429206	5334829	10933	0.06404835	5334829	63483	0.66805387	5334829	35837	0.42246208	5334829	9986	0.14782049	5334829	13071	0.057315614	5334829	8821	0.10101111	5334829	2437	0.036564432	5334829	167745	0.91670847	5334829	180476	0.9122274	5334829	492412	0.97867614	5334829
C13F5_subsampled_20Gb_Hybrid_bin.81	4517	0.08558183	4292231	22033	0.35536134	4292231	19450	0.32251737	4292231	16752	0.27012035	4292231	6306	0.11980227	4292231	11120	0.11507885	4292231	12640	0.13645399	4292231	1397	0.01784247	4292231	17939	0.33306664	4292231	22789	0.3560335	4292231	12174	0.18703863	4292231	28510	0.47371495	4292231	14974	0.16613364	4292231	7095	0.085052975	4292231	29428	0.45749703	4292231	6802	0.117928185	4292231	99734	0.87666017	4292231	50117	0.692664	4292231	7260	0.1539507	4292231	57086	0.73091245	4292231	41060	0.6116821	4292231	150299	0.9592596	4292231
C13F5_subsampled_20Gb_Hybrid_bin.82	1691	0.04492982	3785526	4331	0.039660804	3785526	5003	0.07933851	3785526	5588	0.14029622	3785526	2172	0.051094618	3785526	4866	0.102068245	3785526	3663	0.059347365	3785526	612	0.012130151	3785526	12162	0.29511803	3785526	4485	0.071019985	3785526	3631	0.061565816	3785526	7630	0.1785205	3785526	126212	0.95475423	3785526	31222	0.58206177	3785526	34193	0.6010877	3785526	40056	0.6555522	3785526	13399	0.25364164	3785526	8577	0.19007266	3785526	504	0.00606283	3785526	28540	0.54110366	3785526	5057	0.11305007	3785526	69446	0.8504797	3785526
C13F5_subsampled_20Gb_bin.22	125247	0.929614	4978432	873499	0.9780079	4978432	1017573	0.9780047	4978432	243813	0.9669316	4978432	230316	0.96045625	4978432	364073	0.97256327	4978432	524112	0.9750297	4978432	123115	0.9246859	4978432	371087	0.97609067	4978432	159650	0.9527349	4978432	349397	0.9738619	4978432	14025	0.14648588	4978432	233750	0.9702348	4978432	116511	0.8976821	4978432	66838	0.7133009	4978432	31455	0.45214054	4978432	28883	0.22512229	4978432	19126	0.21338224	4978432	4092	0.04921228	4978432	334121	0.9856975	4978432	74818	0.74651575	4978432	444475	0.9933411	4978432
C13F5_subsampled_20Gb_bin.45	23640	0.55250293	3664844	56232	0.78940225	3664844	45403	0.7215955	3664844	80554	0.9031454	3664844	20490	0.48290706	3664844	66850	0.8701437	3664844	104739	0.9348297	3664844	7671	0.23340394	3664844	27332	0.51601213	3664844	10564	0.15493375	3664844	17000	0.37039256	3664844	43711	0.682172	3664844	164840	0.9716733	3664844	145728	0.96771157	3664844	49646	0.7124939	3664844	28002	0.5115064	3664844	67743	0.775433	3664844	64052	0.8055429	3664844	15960	0.35119122	3664844	111418	0.9287814	3664844	57230	0.7673426	3664844	197253	0.9834031	3664844
C13F5_subsampled_20Gb_bin.4	2601	0.06297273	4469617	10106	0.07332709	4469617	7707	0.07467418	4469617	9209	0.16696912	4469617	2375	0.03863217	4469617	6338	0.11118358	4469617	6594	0.1006301	4469617	947	0.019728983	4469617	19176	0.34428185	4469617	9406	0.115831174	4469617	6334	0.07533733	4469617	4930	0.094528906	4469617	115949	0.91103333	4469617	103889	0.9051693	4469617	69104	0.794873	4469617	36080	0.5555315	4469617	38468	0.5553733	4469617	86278	0.8584355	4469617	28904	0.5084509	4469617	2969	0.04810032	4469617	3231	0.057959106	4469617	4784	0.05084731	4469617
C13F5_subsampled_20Gb_bin.62	54101	0.83271587	3912672	21950	0.50743276	3912672	46267	0.78313565	3912672	836791	0.99823546	3912672	205229	0.99545246	3912672	725799	0.9981864	3912672	1158828	0.9980374	3912672	66958	0.8864415	3912672	5992	0.16576166	3912672	17849	0.44379723	3912672	7223	0.19724219	3912672	221	0.0024507549	3912672	532	0.004505361	3912672	279	0.004186653	3912672	481	0.0048572943	3912672	150	0.0029677928	3912672	542	0.004733083	3912672	319	0.0031231854	3912672	99	0.0017553222	3912672	227	0.0025210392	3912672	199	0.0023324215	3912672	565702	0.9991538	3912672
C13F5_subsampled_20Gb_bin.64	4278	0.091589704	4229362	18576	0.29032794	4229362	11968	0.17670986	4229362	10485	0.14667436	4229362	5328	0.09691485	4229362	10837	0.16876565	4229362	18146	0.32042328	4229362	2222	0.044456586	4229362	10608	0.1392288	4229362	6904	0.049334865	4229362	10793	0.16540934	4229362	70282	0.8213584	4229362	210253	0.97808295	4229362	117326	0.93475306	4229362	218040	0.98326176	4229362	81294	0.8362202	4229362	396507	0.9937007	4229362	306896	0.99189144	4229362	39525	0.62516826	4229362	69829	0.8016294	4229362	236957	0.9860922	4229362	71786	0.7707874	4229362
C13F5_subsampled_40Gb_bin.10	8824	0.30201966	3141216	149121	0.97575015	3141216	77768	0.90856534	3141216	25658	0.6146865	3141216	29828	0.67195094	3141216	27704	0.65257084	3141216	53371	0.8326135	3141216	4573	0.17395844	3141216	103778	0.9375891	3141216	69838	0.89040613	3141216	3219	0.08170498	3141216	59093	0.84825397	3141216	29712	0.5551904	3141216	44271	0.7489654	3141216	56019	0.81383353	3141216	38652	0.68464345	3141216	63404	0.83090246	3141216	45327	0.75316215	3141216	6455	0.18806347	3141216	47625	0.7507535	3141216	20686	0.45853773	3141216	59871	0.81913215	3141216
C13F5_subsampled_40Gb_bin.12	512	0.010273505	3488488	4004	0.025019435	3488488	3441	0.02780689	3488488	1435	0.014875785	3488488	623	0.011789062	3488488	1700	0.019127198	3488488	1837	0.016396789	3488488	220	0.0046223463	3488488	2642	0.025648935	3488488	2117	0.0172387	3488488	3257	0.020868927	3488488	22379	0.4919028	3488488	3212	0.046582647	3488488	32538	0.62812	3488488	19888	0.45512983	3488488	34947	0.63443506	3488488	188309	0.99090606	3488488	74888	0.89813036	3488488	6051	0.17158751	3488488	1541	0.017113145	3488488	1331	0.018536111	3488488	3030	0.053759106	3488488
C13F5_subsampled_40Gb_bin.15	2538	0.12736888	2332163	10582	0.3221503	2332163	8883	0.2671104	2332163	6875	0.250332	2332163	2449	0.11537358	2332163	7508	0.30314434	2332163	8038	0.2926335	2332163	650	0.035933167	2332163	9735	0.35928363	2332163	11098	0.41831124	2332163	11075	0.40782827	2332163	14323	0.46547905	2332163	46103	0.8247318	2332163	20388	0.58615416	2332163	26207	0.6809871	2332163	5247	0.19569516	2332163	24822	0.6029557	2332163	7859	0.27892947	2332163	1353	0.055363625	2332163	35561	0.76201105	2332163	22045	0.60381114	2332163	55834	0.8823127	2332163
C13F5_subsampled_40Gb_bin.17	4511	0.20616457	2607417	18239	0.6020993	2607417	22949	0.6962151	2607417	6796	0.26546693	2607417	5804	0.257706	2607417	7779	0.31229565	2607417	8321	0.32379478	2607417	1124	0.052308474	2607417	22039	0.6764702	2607417	13025	0.4724737	2607417	16197	0.56201595	2607417	17276	0.51970243	2607417	28064	0.66645116	2607417	24463	0.65025043	2607417	44556	0.8427517	2607417	8487	0.28840536	2607417	12242	0.3860257	2607417	11687	0.39534488	2607417	12479	0.41544256	2607417	256	0.005151075	2607417	3371	0.13309379	2607417	38069	0.790806	2607417
C13F5_subsampled_40Gb_bin.22	2949	0.08547037	4150912	22758	0.49791467	4150912	9015	0.22351594	4150912	34989	0.64971215	4150912	10441	0.27907577	4150912	9645	0.21257594	4150912	7250	0.1247892	4150912	1788	0.051244643	4150912	54973	0.82798964	4150912	44092	0.7539066	4150912	3831	0.07516468	4150912	8068	0.17582618	4150912	98815	0.89816576	4150912	88402	0.8920888	4150912	119108	0.94550645	4150912	57980	0.7435544	4150912	5386	0.092899345	4150912	4430	0.089557186	4150912	331	0.005789089	4150912	13728	0.27701142	4150912	1029	0.008832517	4150912	3016	0.017094556	4150912
C13F5_subsampled_40Gb_bin.24	41246	0.8194395	3224298	24853	0.63916147	3224298	65847	0.93172747	3224298	216925	0.99860215	3224298	27666	0.68119574	3224298	133939	0.99403745	3224298	116434	0.9897537	3224298	22582	0.60916424	3224298	237971	0.9989635	3224298	300421	0.9990621	3224298	493	0.005350932	3224298	267	0.0032769924	3224298	396	0.0036237345	3224298	458	0.0038734013	3224298	597	0.004584874	3224298	161	0.0027069459	3224298	534	0.0054777814	3224298	386	0.0063573527	3224298	215	0.0042232447	3224298	447	0.0036069867	3224298	1026	0.024301104	3224298	166166	0.9927125	3224298
C13F5_subsampled_40Gb_bin.27	335	0.010776386	3506556	3911	0.0832378	3506556	3030	0.05658914	3506556	2053	0.06756145	3506556	732	0.021110741	3506556	1071	0.035875086	3506556	1833	0.06259504	3506556	259	0.009457713	3506556	2284	0.06931245	3506556	1435	0.034425516	3506556	3561	0.09855454	3506556	13533	0.35006285	3506556	5704	0.1566095	3506556	2744	0.08279235	3506556	51420	0.7865701	3506556	10861	0.27474678	3506556	9973	0.25256434	3506556	20044	0.45992592	3506556	4177	0.120680235	3506556	1138	0.03403083	3506556	7194	0.18818408	3506556	1857	0.05731179	3506556
C13F5_subsampled_40Gb_bin.28	9373	0.41681233	2323307	29029	0.76903653	2323307	20208	0.6580151	2323307	32071	0.8150899	2323307	7868	0.36296323	2323307	3104	0.15033613	2323307	17204	0.6162892	2323307	885	0.05196085	2323307	15366	0.58115524	2323307	2547	0.124361955	2323307	8243	0.3694587	2323307	13788	0.46712208	2323307	9277	0.30852228	2323307	11382	0.39901355	2323307	23895	0.6549836	2323307	8390	0.2949326	2323307	25379	0.64449424	2323307	15596	0.50888366	2323307	12267	0.4242625	2323307	21359	0.6035492	2323307	1101	0.03556482	2323307	53002	0.89044154	2323307
C13F5_subsampled_40Gb_bin.2	568	0.019032974	3683975	66709	0.89818794	3683975	21332	0.52804214	3683975	2575	0.077658504	3683975	2978	0.09683562	3683975	579	0.013866272	3683975	802	0.02023765	3683975	173	0.0055469973	3683975	43568	0.78801894	3683975	29164	0.64374894	3683975	20885	0.5285527	3683975	29140	0.57572407	3683975	3995	0.1060884	3683975	2796	0.08099023	3683975	61767	0.8311066	3683975	3529	0.09608046	3683975	53829	0.7707205	3683975	24009	0.51208436	3683975	23209	0.5009583	3683975	2732	0.07901546	3683975	11561	0.29065424	3683975	2675	0.07587267	3683975
C13F5_subsampled_40Gb_bin.31	1943	0.010083233	2466570	611	0.008676421	2466570	948	0.009317798	2466570	1024	0.008030585	2466570	1513	0.010082422	2466570	712	0.006053751	2466570	608	0.0055558933	2466570	2079	0.009346583	2466570	2292	0.091877386	2466570	2161	0.08936702	2466570	3535	0.14919585	2466570	38461	0.7927194	2466570	5479	0.17578784	2466570	69465	0.93833905	2466570	102624	0.98208725	2466570	148777	0.9912401	2466570	38643	0.7781782	2466570	59296	0.9161394	2466570	120087	0.990546	2466570	1606	0.008302217	2466570	2397	0.008852374	2466570	685	0.0073948842	2466570
C13F5_subsampled_40Gb_bin.33	3473	0.09959359	3471810	91902	0.8648647	3471810	61243	0.8127651	3471810	7432	0.14969483	3471810	18852	0.48655024	3471810	10908	0.29174033	3471810	31649	0.6608325	3471810	581	0.018058304	3471810	40765	0.77036905	3471810	70855	0.9209372	3471810	4587	0.10552824	3471810	158891	0.98731065	3471810	296986	0.99771965	3471810	80483	0.8954056	3471810	38259	0.6632644	3471810	60357	0.8123803	3471810	413954	0.9989112	3471810	418076	0.99901175	3471810	43449	0.7295129	3471810	390947	0.9973072	3471810	109931	0.9329151	3471810	250907	0.99687827	3471810
C13F5_subsampled_40Gb_bin.34	5621	0.2035803	3309888	11571	0.34861815	3309888	18753	0.525838	3309888	9608	0.2965638	3309888	12064	0.38284588	3309888	15275	0.4328533	3309888	17909	0.49136737	3309888	8170	0.28075874	3309888	28540	0.6793713	3309888	16390	0.4762832	3309888	14946	0.44282857	3309888	5331	0.16382428	3309888	28590	0.5826672	3309888	31452	0.64144135	3309888	27455	0.5880846	3309888	11904	0.30653846	3309888	37992	0.6802916	3309888	30231	0.6325649	3309888	13143	0.35526037	3309888	11957	0.3185307	3309888	7177	0.20627435	3309888	38149	0.698436	3309888
C13F5_subsampled_40Gb_bin.39	17478	0.48516345	3040703	3064	0.11944343	3040703	2949	0.0939217	3040703	10268	0.32787943	3040703	7545	0.20338817	3040703	4293	0.1306244	3040703	1794	0.04859501	3040703	6714	0.095510475	3040703	6059	0.21030532	3040703	2832	0.10558742	3040703	3790	0.09610935	3040703	504286	0.99984705	3040703	53041	0.82417554	3040703	437450	0.9996728	3040703	288581	0.9967876	3040703	492960	0.9997425	3040703	293817	0.99833757	3040703	336562	0.9993587	3040703	867150	0.9999316	3040703	215958	0.99735683	3040703	284972	0.9983445	3040703	310775	0.9991505	3040703
C13F5_subsampled_40Gb_bin.48	432	0.024760852	2142495	1912	0.10073303	2142495	1331	0.07201324	2142495	2584	0.14091142	2142495	506	0.029144526	2142495	1446	0.080459	2142495	3296	0.17730449	2142495	122	0.0072751627	2142495	1018	0.053665936	2142495	1282	0.072366565	2142495	616	0.031847917	2142495	3708	0.16733995	2142495	15336	0.49515823	2142495	11661	0.4268864	2142495	7633	0.30015892	2142495	2171	0.09435261	2142495	16369	0.5042397	2142495	5319	0.23131816	2142495	1732	0.0806737	2142495	8320	0.32336646	2142495	9369	0.35075974	2142495	15734	0.5369982	2142495
C13F5_subsampled_40Gb_bin.51	457	0.011425946	3660441	1975	0.04431652	3660441	1596	0.034840338	3660441	1506	0.0248481	3660441	866	0.02234758	3660441	2934	0.08024825	3660441	6541	0.19240934	3660441	699	0.023196112	3660441	2260	0.05722917	3660441	1209	0.022640169	3660441	26280	0.6145213	3660441	1047	0.024322206	3660441	29177	0.5543272	3660441	52766	0.7878417	3660441	7784	0.1949511	3660441	1863	0.04797728	3660441	7603	0.17475517	3660441	3221	0.08233489	3660441	1657	0.0480341	3660441	23203	0.4859887	3660441	73019	0.8716335	3660441	76684	0.8958153	3660441
C13F5_subsampled_40Gb_bin.58	36	0.0032678067	1486318	407	0.03684743	1486318	907	0.07850944	1486318	12	0.0008558061	1486318	636	0.055219676	1486318	170	0.014354936	1486318	452	0.04115001	1486318	342	0.031161569	1486318	530	0.04833757	1486318	7	0.00063849054	1486318	482	0.043434177	1486318	10938	0.5614041	1486318	13665	0.6076526	1486318	6487	0.38165855	1486318	3878	0.25169647	1486318	4171	0.25710446	1486318	13714	0.6089289	1486318	20184	0.7687756	1486318	11996	0.5962506	1486318	24165	0.8181116	1486318	6326	0.3676757	1486318	3034	0.20723628	1486318
C13F5_subsampled_40Gb_bin.65	3406	0.047984082	5661836	23517	0.20115948	5661836	17065	0.1557924	5661836	14182	0.13756032	5661836	4892	0.04847032	5661836	11772	0.09010205	5661836	14163	0.100207426	5661836	2453	0.037534643	5661836	17064	0.1973381	5661836	24373	0.1429199	5661836	16387	0.16891836	5661836	121410	0.8940093	5661836	96205	0.78457075	5661836	43965	0.51178557	5661836	320170	0.98709095	5661836	38492	0.48642913	5661836	253605	0.97791386	5661836	40722	0.50228673	5661836	4356	0.06047367	5661836	47126	0.5704902	5661836	37471	0.48920122	5661836	12048	0.08625788	5661836
C13F5_subsampled_40Gb_bin.77	837	0.039879404	2546653	2879	0.10747636	2546653	2871	0.118756264	2546653	3560	0.14568023	2546653	891	0.041577317	2546653	2540	0.10998083	2546653	3706	0.15094125	2546653	231	0.012015771	2546653	3291	0.14054486	2546653	1982	0.08603803	2546653	1753	0.06790639	2546653	10909	0.3622865	2546653	6358	0.19125299	2546653	2865	0.092427194	2546653	9345	0.311437	2546653	1732	0.06363647	2546653	40219	0.77096486	2546653	18754	0.54073524	2546653	8585	0.3036405	2546653	9238	0.2995214	2546653	36253	0.7546207	2546653	22110	0.5802981	2546653
C13F5_subsampled_40Gb_bin.81	1429	0.0392446	4531961	42442	0.71078455	4531961	9198	0.23578358	4531961	2625	0.06398665	4531961	25785	0.5385633	4531961	10749	0.26837212	4531961	21548	0.4712962	4531961	20468	0.4545262	4531961	38550	0.68255687	4531961	4438	0.11082156	4531961	10969	0.27307054	4531961	4786	0.1108893	4531961	25899	0.44254133	4531961	40400	0.6223606	4531961	49545	0.6924455	4531961	11771	0.2367355	4531961	61956	0.74437094	4531961	35305	0.5781753	4531961	10688	0.22974028	4531961	10280	0.21503495	4531961	18336	0.3477777	4531961	23632	0.43572727	4531961
