genome,completeness,contamination,length,N50,centrality
C04M3_subsampled_20Gb_Hybrid_bin.87.fa.gz,100.0,0.0,2922808.0,2270454.0,0.999202
C04M3_subsampled_20Gb_Hybrid_bin.29.fa.gz,100.0,0.943,2291283.0,34172.0,0.9970556666666667
C04M3_subsampled_20Gb_Hybrid_bin.66.fa.gz,99.43,0.754,3672841.0,393746.0,0.9901555000000001
C04M3_subsampled_20Gb_Hybrid_bin.52.fa.gz,99.43,0.377,3110089.0,1990502.0,0.9995111666666667
C04M3_subsampled_20Gb_Hybrid_bin.37.fa.gz,99.43,0.88,3155156.0,845842.0,0.9995577142857143
C04M3_subsampled_20Gb_Hybrid_bin.32.fa.gz,99.43,0.754,3376143.0,473387.0,0.9910688333333334
C04M3_subsampled_20Gb_Hybrid_bin.22.fa.gz,99.43,1.132,3683041.0,468811.0,0.9994930000000001
C04M3_subsampled_20Gb_Hybrid_bin.12.fa.gz,99.43,0.377,3127334.0,786011.0,0.9993097142857142
C04M3_subsampled_20Gb_Hybrid_bin.84.fa.gz,99.42,4.51,5360666.0,354206.0,0.9981651666666668
C04M3_subsampled_20Gb_Hybrid_bin.75.fa.gz,99.36,1.265,5054182.0,142918.0,0.9958531428571428
C04M3_subsampled_20Gb_Hybrid_bin.18.fa.gz,99.36,1.265,5852911.0,146303.0,0.9929498571428572
C04M3_subsampled_20Gb_Hybrid_bin.15.fa.gz,99.36,0.0,4426243.0,333130.0,0.9991881428571429
C04M3_subsampled_20Gb_Hybrid_bin.45.fa.gz,99.05,0.377,3141397.0,212823.0,0.9991840000000001
C04M3_subsampled_20Gb_Hybrid_bin.88.fa.gz,99.03,0.0,2004488.0,2004488.0,0.9999135714285714
C04M3_subsampled_20Gb_Hybrid_bin.25.fa.gz,98.73,1.424,4043653.0,457963.0,0.9980022857142857
C04M3_subsampled_20Gb_Hybrid_bin.16.fa.gz,98.66,0.111,2071462.0,130175.0,0.998658
C04M3_subsampled_20Gb_Hybrid_bin.57.fa.gz,98.62,1.866,3749454.0,63508.0,0.998171
C04M3_subsampled_20Gb_Hybrid_bin.17.fa.gz,98.49,0.503,3146752.0,298977.0,0.9988450000000001
C04M3_subsampled_20Gb_Hybrid_bin.74.fa.gz,98.42,0.0,2672350.0,218212.0,0.9985934285714285
C04M3_subsampled_20Gb_Hybrid_bin.81.fa.gz,98.41,1.476,4094596.0,237656.0,0.9995196666666667
C04M3_subsampled_20Gb_Hybrid_bin.23.fa.gz,98.41,0.0,5522599.0,193700.0,0.9981178333333333
C04M3_subsampled_20Gb_Hybrid_bin.64.fa.gz,98.27,1.34,4186649.0,482724.0,0.9994229999999998
C04M3_subsampled_20Gb_Hybrid_bin.58.fa.gz,98.27,3.065,4944237.0,264624.0,0.9966816
C04M3_subsampled_20Gb_Hybrid_bin.9.fa.gz,98.18,0.0,4114818.0,194408.0,0.9996613333333334
C04M3_subsampled_20Gb_Hybrid_bin.26.fa.gz,98.16,1.699,4808157.0,109313.0,0.99549
C04M3_subsampled_20Gb_Hybrid_bin.27.fa.gz,98.15,2.452,2443782.0,38470.0,0.9987581666666667
C04M3_subsampled_20Gb_Hybrid_bin.65.fa.gz,97.99,0.0,2504628.0,72610.0,0.9984396666666666
C04M3_subsampled_20Gb_Hybrid_bin.72.fa.gz,97.98,2.725,4631273.0,158933.0,0.9977448571428572
C04M3_subsampled_20Gb_Hybrid_bin.43.fa.gz,97.95,0.68,2762978.0,2248143.0,0.9998434285714286
C04M3_subsampled_20Gb_Hybrid_bin.33.fa.gz,97.92,0.0,2937684.0,333329.0,0.9984392857142858
C04M3_subsampled_20Gb_Hybrid_bin.48.fa.gz,97.7,1.724,5017789.0,376243.0,0.9989421428571428
C04M3_subsampled_20Gb_Hybrid_bin.53.fa.gz,97.65,3.691,3623320.0,99930.0,0.9980034285714285
C04M3_subsampled_20Gb_Hybrid_bin.44.fa.gz,97.58,2.485,4875071.0,436951.0,0.9986611428571429
C04M3_subsampled_20Gb_Hybrid_bin.3.fa.gz,97.58,1.532,5382902.0,462898.0,0.9982881666666666
C04M3_subsampled_20Gb_Hybrid_bin.2.fa.gz,97.58,2.911,5935425.0,108639.0,0.998846
C04M3_subsampled_20Gb_Hybrid_bin.34.fa.gz,97.54,0.377,3234981.0,431114.0,0.9990249999999999
C04M3_subsampled_20Gb_Hybrid_bin.79.fa.gz,97.01,1.42,3377489.0,101362.0,0.9978895
C04M3_subsampled_20Gb_Hybrid_bin.30.fa.gz,96.81,3.448,5728037.0,135179.0,0.9952221666666667
C04M3_subsampled_20Gb_Hybrid_bin.35.fa.gz,96.64,1.342,2605036.0,60447.0,0.9988753333333332
C04M3_subsampled_20Gb_Hybrid_bin.38.fa.gz,96.53,1.915,4709963.0,156080.0,0.999108
C04M3_subsampled_20Gb_Hybrid_bin.82.fa.gz,96.1,0.88,3383884.0,172066.0,0.998353
C04M3_subsampled_20Gb_Hybrid_bin.54.fa.gz,95.74,3.243,3671279.0,39333.0,0.9972665000000001
C04M3_subsampled_20Gb_Hybrid_bin.73.fa.gz,95.72,0.754,2996119.0,74199.0,0.9970519999999999
C04M3_subsampled_20Gb_Hybrid_bin.49.fa.gz,95.29,0.099,1842846.0,215366.0,0.9987246666666666
C04M3_subsampled_20Gb_Hybrid_bin.89.fa.gz,95.16,0.0,2073758.0,1727946.0,0.996599
C04M3_subsampled_20Gb_Hybrid_bin.77.fa.gz,94.85,0.223,1960899.0,413927.0,0.9982916666666667
C04M3_subsampled_20Gb_Hybrid_bin.20.fa.gz,94.85,0.223,2029665.0,90719.0,0.9987240000000001
C04M3_subsampled_20Gb_Hybrid_bin.42.fa.gz,94.73,1.773,6123583.0,349007.0,0.999338
C04M3_subsampled_20Gb_Hybrid_bin.83.fa.gz,94.52,2.107,4297095.0,34002.0,0.9978716666666667
C04M3_subsampled_20Gb_Hybrid_bin.47.fa.gz,94.5,0.158,3684907.0,60661.0,0.9985485000000001
C04M3_subsampled_20Gb_Hybrid_bin.28.fa.gz,94.35,0.026,1690463.0,37419.0,0.9972343333333334
C04M3_subsampled_20Gb_Hybrid_bin.11.fa.gz,94.35,0.026,2110429.0,57381.0,0.9991470000000001
C04M3_subsampled_20Gb_Hybrid_bin.5.fa.gz,94.13,1.34,5695104.0,197327.0,0.9950774000000001
C04M3_subsampled_20Gb_Hybrid_bin.78.fa.gz,94.1,1.086,2751189.0,44456.0,0.998246
C04M3_subsampled_20Gb_Hybrid_bin.70.fa.gz,93.83,0.377,2702072.0,205756.0,0.9995190000000002
C04M3_subsampled_20Gb_Hybrid_bin.8.fa.gz,93.68,2.011,5232062.0,307801.0,0.9988816666666667
C04M3_subsampled_20Gb_Hybrid_bin.1.fa.gz,93.46,9.53,3350592.0,48578.0,0.9965056666666667
C04M3_subsampled_20Gb_Hybrid_bin.7.fa.gz,93.41,4.107,3961685.0,49867.0,0.997346
C04M3_subsampled_20Gb_Hybrid_bin.67.fa.gz,93.33,4.45,4835669.0,29224.0,0.9960596666666666
C04M3_subsampled_20Gb_Hybrid_bin.46.fa.gz,93.23,4.405,4444339.0,37489.0,0.998086
C04M3_subsampled_20Gb_Hybrid_bin.13.fa.gz,93.02,3.993,3602777.0,24095.0,0.9953586666666667
C04M3_subsampled_20Gb_Hybrid_bin.41.fa.gz,92.89,1.455,3974140.0,34956.0,0.9968503999999999
C04M3_subsampled_20Gb_Hybrid_bin.71.fa.gz,92.78,0.0,2698680.0,17385.0,0.99572
C04M3_subsampled_20Gb_Hybrid_bin.85.fa.gz,92.7,2.047,2741382.0,30274.0,0.9942633333333334
C04M3_subsampled_20Gb_Hybrid_bin.80.fa.gz,92.39,3.272,3177470.0,17405.0,0.9964455
C04M3_subsampled_20Gb_Hybrid_bin.31.fa.gz,92.3,2.325,4057474.0,26885.0,0.9971490000000001
C04M3_subsampled_20Gb_Hybrid_bin.59.fa.gz,92.22,0.699,1883625.0,42048.0,0.9980227142857142
C04M3_subsampled_20Gb_Hybrid_bin.69.fa.gz,92.05,0.537,2652309.0,21539.0,0.9852605
C04M3_subsampled_20Gb_Hybrid_bin.61.fa.gz,90.92,1.342,2188160.0,19465.0,0.995249
C04M3_subsampled_20Gb_Hybrid_bin.36.fa.gz,90.18,7.436,3702426.0,17214.0,0.997283
C04M3_subsampled_20Gb_Hybrid_bin.24.fa.gz,90.13,1.275,3093267.0,49906.0,0.9977834285714285
C04M3_subsampled_20Gb_Hybrid_bin.76.fa.gz,89.95,3.059,4034150.0,17072.0,0.996874
C04M3_subsampled_20Gb_Hybrid_bin.10.fa.gz,89.68,5.446,4650309.0,18590.0,0.997043
C04M3_subsampled_20Gb_Hybrid_bin.40.fa.gz,88.75,0.559,2679868.0,19936.0,0.9896426
C04M3_subsampled_20Gb_Hybrid_bin.60.fa.gz,88.43,1.105,2392335.0,128379.0,0.9994623333333332
C04M3_subsampled_20Gb_Hybrid_bin.4.fa.gz,88.36,2.059,3232669.0,32510.0,0.9962415
C04M3_subsampled_20Gb_Hybrid_bin.68.fa.gz,87.07,2.013,2796270.0,17320.0,0.9879321666666666
C04M3_subsampled_20Gb_Hybrid_bin.39.fa.gz,84.75,3.898,2680211.0,14448.0,0.997211
C04M3_subsampled_20Gb_Hybrid_bin.50.fa.gz,84.45,1.062,2567893.0,12155.0,0.994695
C04M3_subsampled_20Gb_Hybrid_bin.63.fa.gz,83.5,4.026,2986818.0,16934.0,0.993396
C04M3_subsampled_20Gb_Hybrid_bin.19.fa.gz,83.18,0.829,2615312.0,14407.0,0.9933505
C04M3_subsampled_20Gb_Hybrid_bin.6.fa.gz,82.82,1.871,3412784.0,15772.0,0.9953477999999999
C04M3_subsampled_20Gb_Hybrid_bin.21.fa.gz,82.71,1.312,3777502.0,17002.0,0.9968402000000001
C04M3_subsampled_20Gb_Hybrid_bin.14.fa.gz,79.77,1.221,3107323.0,12853.0,0.986392
C04M3_subsampled_20Gb_Hybrid_bin.51.fa.gz,78.23,8.836,1958390.0,1196470.0,0.999825
C04M3_subsampled_20Gb_Hybrid_bin.86.fa.gz,77.35,2.373,2707088.0,11751.0,0.99209
C04M3_subsampled_20Gb_Hybrid_bin.56.fa.gz,75.16,2.341,3808592.0,11197.0,0.9909866666666667
C04M3_subsampled_20Gb_Hybrid_bin.55.fa.gz,71.42,1.342,,,0.0
C04M3_subsampled_20Gb_Hybrid_bin.90.fa.gz,70.29,7.088,,,0.0
C04M3_subsampled_20Gb_Hybrid_bin.62.fa.gz,70.18,1.686,,,0.0
C04M3_subsampled_20Gb_bin.44.fa.gz,100.0,0.0,2770068.0,50339.0,0.9999306666666667
C04M3_subsampled_20Gb_bin.7.fa.gz,99.43,0.377,2663559.0,101058.0,0.9999233333333333
C04M3_subsampled_20Gb_bin.41.fa.gz,99.43,0.377,2987812.0,120046.0,0.9995422857142857
C04M3_subsampled_20Gb_bin.12.fa.gz,99.43,0.754,2931321.0,146367.0,0.9999354285714286
C04M3_subsampled_20Gb_bin.43.fa.gz,99.4,2.49,4588974.0,89241.0,0.9995998333333332
C04M3_subsampled_20Gb_bin.67.fa.gz,99.36,0.632,4157011.0,90119.0,0.9994958571428573
C04M3_subsampled_20Gb_bin.29.fa.gz,99.05,2.641,3542343.0,62468.0,0.9903171666666667
C04M3_subsampled_20Gb_bin.15.fa.gz,99.05,0.754,3357045.0,145239.0,0.9911091666666666
C04M3_subsampled_20Gb_bin.34.fa.gz,99.04,0.754,3506283.0,127883.0,0.9994654285714286
C04M3_subsampled_20Gb_bin.74.fa.gz,99.03,0.0,1993530.0,305029.0,0.9999922857142856
C04M3_subsampled_20Gb_bin.42.fa.gz,98.85,3.744,4806198.0,88117.0,0.9984641666666666
C04M3_subsampled_20Gb_bin.70.fa.gz,98.73,1.424,3852340.0,126477.0,0.998191
C04M3_subsampled_20Gb_bin.37.fa.gz,98.73,0.0,2570264.0,13159.0,0.9988619999999999
C04M3_subsampled_20Gb_bin.32.fa.gz,98.67,0.377,2558160.0,70590.0,0.9998460000000001
C04M3_subsampled_20Gb_bin.17.fa.gz,98.66,0.111,2018024.0,85181.0,0.9989597142857143
C04M3_subsampled_20Gb_bin.53.fa.gz,98.49,0.377,2406776.0,37825.0,0.9997924285714286
C04M3_subsampled_20Gb_bin.4.fa.gz,98.41,1.476,3994694.0,100959.0,0.9996166666666667
C04M3_subsampled_20Gb_bin.57.fa.gz,98.27,1.34,4112627.0,198143.0,0.9994890000000001
C04M3_subsampled_20Gb_bin.23.fa.gz,98.27,3.256,4486815.0,62622.0,0.9973974
C04M3_subsampled_20Gb_bin.69.fa.gz,98.18,0.0,3851471.0,87532.0,0.9999003333333333
C04M3_subsampled_20Gb_bin.31.fa.gz,98.16,2.485,4393606.0,127856.0,0.9990971428571429
C04M3_subsampled_20Gb_bin.25.fa.gz,98.1,1.265,4583663.0,52941.0,0.9957180000000001
C04M3_subsampled_20Gb_bin.47.fa.gz,97.98,2.054,4434421.0,52677.0,0.997982
C04M3_subsampled_20Gb_bin.75.fa.gz,97.95,0.68,2730047.0,210329.0,0.9999314285714286
C04M3_subsampled_20Gb_bin.28.fa.gz,97.78,0.21,4642814.0,42537.0,0.9987006666666666
C04M3_subsampled_20Gb_bin.61.fa.gz,97.7,1.724,5680772.0,70626.0,0.9990224285714284
C04M3_subsampled_20Gb_bin.36.fa.gz,97.67,0.0,2396001.0,61660.0,0.9992501428571429
C04M3_subsampled_20Gb_bin.24.fa.gz,97.58,2.274,4489324.0,54816.0,0.99658925
C04M3_subsampled_20Gb_bin.50.fa.gz,97.54,0.377,3082152.0,84817.0,0.9994061428571428
C04M3_subsampled_20Gb_bin.3.fa.gz,97.21,1.132,2935894.0,37686.0,0.9977041666666667
C04M3_subsampled_20Gb_bin.60.fa.gz,97.01,2.681,4819212.0,50254.0,0.9987703333333333
C04M3_subsampled_20Gb_bin.8.fa.gz,96.83,0.632,4073980.0,90043.0,0.9948505714285715
C04M3_subsampled_20Gb_bin.73.fa.gz,96.81,2.873,4403320.0,44659.0,0.9951818333333332
C04M3_subsampled_20Gb_bin.20.fa.gz,96.8,1.508,5026511.0,53601.0,0.9994393333333335
C04M3_subsampled_20Gb_bin.13.fa.gz,96.79,0.0,2272915.0,75835.0,0.9995832857142857
C04M3_subsampled_20Gb_bin.22.fa.gz,96.43,2.49,5466266.0,81131.0,0.9954894000000001
C04M3_subsampled_20Gb_bin.52.fa.gz,95.97,1.342,2596945.0,28505.0,0.9993576666666666
C04M3_subsampled_20Gb_bin.55.fa.gz,95.84,0.566,3146921.0,36346.0,0.9980116666666666
C04M3_subsampled_20Gb_bin.18.fa.gz,95.72,0.88,3498016.0,36321.0,0.9984182
C04M3_subsampled_20Gb_bin.54.fa.gz,95.53,0.335,2650149.0,23051.0,0.9988449999999999
C04M3_subsampled_20Gb_bin.40.fa.gz,95.36,0.158,3918418.0,32656.0,0.999252
C04M3_subsampled_20Gb_bin.35.fa.gz,95.29,0.099,1828995.0,114291.0,0.9987481666666668
C04M3_subsampled_20Gb_bin.26.fa.gz,95.28,2.586,4426984.0,62552.0,0.9997016666666667
C04M3_subsampled_20Gb_bin.51.fa.gz,95.16,0.0,2043691.0,455920.0,0.9967922857142858
C04M3_subsampled_20Gb_bin.16.fa.gz,95.16,0.026,2189316.0,19918.0,0.9994201666666666
C04M3_subsampled_20Gb_bin.63.fa.gz,95.09,2.09,2706246.0,8326.0,0.9902984
C04M3_subsampled_20Gb_bin.46.fa.gz,94.85,0.223,1966361.0,102322.0,0.9979119999999999
C04M3_subsampled_20Gb_bin.11.fa.gz,94.85,0.223,2010473.0,51070.0,0.9989727142857143
C04M3_subsampled_20Gb_bin.64.fa.gz,94.73,1.773,5713477.0,73028.0,0.9997466666666667
C04M3_subsampled_20Gb_bin.48.fa.gz,94.51,9.749,3662580.0,16088.0,0.9960806666666665
C04M3_subsampled_20Gb_bin.1.fa.gz,93.83,0.377,2566209.0,76452.0,0.9998107142857143
C04M3_subsampled_20Gb_bin.68.fa.gz,91.67,2.94,4055667.0,10294.0,0.9984786666666667
C04M3_subsampled_20Gb_bin.65.fa.gz,91.25,0.284,3000947.0,15091.0,0.9983147142857144
C04M3_subsampled_20Gb_bin.10.fa.gz,90.93,3.02,3380715.0,16274.0,0.9982362857142857
C04M3_subsampled_20Gb_bin.56.fa.gz,90.09,0.574,2541096.0,14377.0,0.9985314999999999
C04M3_subsampled_20Gb_bin.59.fa.gz,88.79,3.84,3339646.0,20374.0,0.999258
C04M3_subsampled_20Gb_bin.58.fa.gz,88.63,0.63,1548063.0,7678.0,0.9987563333333335
C04M3_subsampled_20Gb_bin.19.fa.gz,88.43,1.105,2338968.0,75390.0,0.9997926666666667
C04M3_subsampled_20Gb_bin.39.fa.gz,87.8,1.364,3304926.0,10637.0,0.999112
C04M3_subsampled_20Gb_bin.5.fa.gz,87.5,1.455,3731439.0,7979.0,0.9988425
C04M3_subsampled_20Gb_bin.6.fa.gz,85.05,3.826,3496268.0,8374.0,0.9976195
C04M3_subsampled_20Gb_bin.30.fa.gz,83.98,0.502,2777197.0,5154.0,0.9987305
C04M3_subsampled_20Gb_bin.2.fa.gz,83.64,2.428,3442824.0,7773.0,0.99725
C04M3_subsampled_20Gb_bin.66.fa.gz,81.94,4.203,3488564.0,6576.0,0.9947225
C04M3_subsampled_20Gb_bin.27.fa.gz,81.64,2.867,4302228.0,8278.0,0.9960281666666666
C04M3_subsampled_20Gb_bin.62.fa.gz,81.49,3.104,2234849.0,10682.0,0.9988003333333334
C04M3_subsampled_20Gb_bin.72.fa.gz,80.53,0.606,1937386.0,4391.0,0.9985603333333334
C04M3_subsampled_20Gb_bin.14.fa.gz,80.31,2.969,2315441.0,6485.0,0.9891966666666666
C04M3_subsampled_20Gb_bin.33.fa.gz,78.23,2.46,1861502.0,217665.0,0.9999566666666667
C04M3_subsampled_20Gb_bin.45.fa.gz,76.9,0.0,2176379.0,4218.0,0.9962620000000001
C04M3_subsampled_20Gb_bin.9.fa.gz,76.76,1.048,1703869.0,6321.0,0.9986287142857143
C04M3_subsampled_20Gb_bin.49.fa.gz,75.6,6.431,2624053.0,3345.0,0.989919
C04M3_subsampled_20Gb_bin.21.fa.gz,72.87,4.804,,,0.0
C04M3_subsampled_20Gb_bin.71.fa.gz,72.47,1.901,,,0.0
C04M3_subsampled_20Gb_bin.38.fa.gz,70.09,2.11,,,0.0
C04M3_subsampled_40Gb_bin.69.fa.gz,100.0,0.0,2766438.0,61538.0,0.99994
C04M3_subsampled_40Gb_bin.36.fa.gz,100.0,0.0,2676717.0,90316.0,0.9983526666666668
C04M3_subsampled_40Gb_bin.3.fa.gz,100.0,0.0,2321897.0,46966.0,0.9968646666666667
C04M3_subsampled_40Gb_bin.97.fa.gz,99.43,0.377,2983363.0,120752.0,0.9995744285714286
C04M3_subsampled_40Gb_bin.86.fa.gz,99.43,0.754,3576872.0,162875.0,0.999569
C04M3_subsampled_40Gb_bin.62.fa.gz,99.43,0.377,2686333.0,97315.0,0.9999296666666666
C04M3_subsampled_40Gb_bin.56.fa.gz,99.43,0.88,3116746.0,130203.0,0.9997858571428572
C04M3_subsampled_40Gb_bin.24.fa.gz,99.43,0.754,3303210.0,124866.0,0.9918115
C04M3_subsampled_40Gb_bin.11.fa.gz,99.4,2.49,4599737.0,85877.0,0.9995433333333335
C04M3_subsampled_40Gb_bin.19.fa.gz,99.36,1.265,5125465.0,82570.0,0.9925815714285715
C04M3_subsampled_40Gb_bin.105.fa.gz,99.34,0.69,4530205.0,74847.0,0.9968601666666667
C04M3_subsampled_40Gb_bin.76.fa.gz,99.03,0.0,1993293.0,457254.0,0.9999725714285713
C04M3_subsampled_40Gb_bin.74.fa.gz,98.95,1.424,4156394.0,49656.0,0.9962934999999999
C04M3_subsampled_40Gb_bin.25.fa.gz,98.93,0.0,4032657.0,61014.0,0.9980715
C04M3_subsampled_40Gb_bin.29.fa.gz,98.85,3.744,4782909.0,91254.0,0.9983478333333333
C04M3_subsampled_40Gb_bin.102.fa.gz,98.83,1.851,3993010.0,85658.0,0.997995
C04M3_subsampled_40Gb_bin.85.fa.gz,98.73,1.424,3882367.0,126674.0,0.9979078571428571
C04M3_subsampled_40Gb_bin.60.fa.gz,98.73,0.0,3976080.0,96327.0,0.9996838571428571
C04M3_subsampled_40Gb_bin.55.fa.gz,98.67,0.377,2573702.0,66275.0,0.9997440000000001
C04M3_subsampled_40Gb_bin.54.fa.gz,98.67,0.377,2710068.0,76347.0,0.9926425
C04M3_subsampled_40Gb_bin.98.fa.gz,98.66,0.111,2018097.0,75966.0,0.9990197142857145
C04M3_subsampled_40Gb_bin.63.fa.gz,98.41,0.843,3846892.0,123750.0,0.9996490000000001
C04M3_subsampled_40Gb_bin.46.fa.gz,98.41,0.632,5128961.0,41201.0,0.9987773333333334
C04M3_subsampled_40Gb_bin.81.fa.gz,98.24,1.424,3265665.0,39391.0,0.9947474999999999
C04M3_subsampled_40Gb_bin.23.fa.gz,98.21,3.691,3971394.0,51474.0,0.9953758333333332
C04M3_subsampled_40Gb_bin.59.fa.gz,98.16,2.485,4519271.0,116987.0,0.9989445714285715
C04M3_subsampled_40Gb_bin.65.fa.gz,97.98,1.159,4340344.0,66793.0,0.998102
C04M3_subsampled_40Gb_bin.14.fa.gz,97.95,0.68,2729640.0,210329.0,0.9999514285714286
C04M3_subsampled_40Gb_bin.90.fa.gz,97.92,0.0,2758018.0,71119.0,0.9985804285714285
C04M3_subsampled_40Gb_bin.39.fa.gz,97.92,0.377,2544974.0,35474.0,0.9996185714285714
C04M3_subsampled_40Gb_bin.68.fa.gz,97.85,2.013,2298967.0,26707.0,0.99574
C04M3_subsampled_40Gb_bin.73.fa.gz,97.7,1.724,4726283.0,90697.0,0.9996581428571429
C04M3_subsampled_40Gb_bin.52.fa.gz,97.58,3.639,6180066.0,60489.0,0.9946870000000001
C04M3_subsampled_40Gb_bin.33.fa.gz,97.54,0.377,3074879.0,99212.0,0.999451
C04M3_subsampled_40Gb_bin.42.fa.gz,97.46,1.265,4575067.0,52227.0,0.99587
C04M3_subsampled_40Gb_bin.75.fa.gz,97.25,2.969,4179302.0,57370.0,0.998418
C04M3_subsampled_40Gb_bin.84.fa.gz,97.23,0.754,3076989.0,34981.0,0.9969658333333333
C04M3_subsampled_40Gb_bin.72.fa.gz,97.12,1.724,3667160.0,55174.0,0.9974288000000001
C04M3_subsampled_40Gb_bin.31.fa.gz,97.12,2.318,3948999.0,44844.0,0.995778
C04M3_subsampled_40Gb_bin.21.fa.gz,97.12,3.256,4499668.0,72767.0,0.9972498000000002
C04M3_subsampled_40Gb_bin.103.fa.gz,97.07,1.364,4389353.0,57024.0,0.999364
C04M3_subsampled_40Gb_bin.2.fa.gz,97.05,2.586,3252675.0,29435.0,0.995774
C04M3_subsampled_40Gb_bin.61.fa.gz,97.03,0.0,3884655.0,107527.0,0.9997276666666667
C04M3_subsampled_40Gb_bin.83.fa.gz,97.01,2.274,4423886.0,58214.0,0.9965695000000001
C04M3_subsampled_40Gb_bin.4.fa.gz,97.01,2.873,4494605.0,50707.0,0.9952048333333333
C04M3_subsampled_40Gb_bin.18.fa.gz,97.01,2.681,4831777.0,51826.0,0.9987550000000001
C04M3_subsampled_40Gb_bin.93.fa.gz,96.94,4.484,4620380.0,39092.0,0.996033
C04M3_subsampled_40Gb_bin.35.fa.gz,96.85,0.377,3320470.0,134636.0,0.9979806666666665
C04M3_subsampled_40Gb_bin.34.fa.gz,96.75,1.006,3105462.0,25471.0,0.9982935714285713
C04M3_subsampled_40Gb_bin.50.fa.gz,96.64,1.565,3781477.0,66433.0,0.997139
C04M3_subsampled_40Gb_bin.96.fa.gz,96.59,2.16,2696278.0,47258.0,0.9945689999999999
C04M3_subsampled_40Gb_bin.9.fa.gz,96.48,1.048,1921103.0,86696.0,0.9984241428571429
C04M3_subsampled_40Gb_bin.95.fa.gz,96.37,0.026,2095129.0,82400.0,0.9992635
C04M3_subsampled_40Gb_bin.20.fa.gz,96.18,0.335,2820690.0,43733.0,0.9982859999999999
C04M3_subsampled_40Gb_bin.70.fa.gz,95.92,2.89,4806964.0,20096.0,0.9968119999999999
C04M3_subsampled_40Gb_bin.8.fa.gz,95.86,2.586,4446764.0,62811.0,0.9995053333333334
C04M3_subsampled_40Gb_bin.88.fa.gz,95.72,0.88,3373143.0,37583.0,0.9986682
C04M3_subsampled_40Gb_bin.87.fa.gz,95.41,0.483,2733574.0,50474.0,0.9982828333333335
C04M3_subsampled_40Gb_bin.106.fa.gz,95.3,0.671,2429782.0,77628.0,0.9994303333333333
C04M3_subsampled_40Gb_bin.12.fa.gz,95.29,0.026,1802063.0,137327.0,0.9989330000000001
C04M3_subsampled_40Gb_bin.17.fa.gz,95.28,1.508,4337014.0,79643.0,0.9991593333333334
C04M3_subsampled_40Gb_bin.77.fa.gz,95.23,2.848,4704578.0,25567.0,0.994994
C04M3_subsampled_40Gb_bin.67.fa.gz,95.16,0.0,1971505.0,358736.0,0.9963795714285713
C04M3_subsampled_40Gb_bin.48.fa.gz,95.16,0.974,4027519.0,91201.0,0.997124
C04M3_subsampled_40Gb_bin.78.fa.gz,94.85,0.223,1933684.0,97049.0,0.9981078333333334
C04M3_subsampled_40Gb_bin.37.fa.gz,94.85,0.223,2029961.0,78044.0,0.9984535714285715
C04M3_subsampled_40Gb_bin.89.fa.gz,94.75,0.0,1717439.0,78040.0,0.9962806666666667
C04M3_subsampled_40Gb_bin.28.fa.gz,94.73,1.189,5455450.0,74628.0,0.9996956666666666
C04M3_subsampled_40Gb_bin.22.fa.gz,94.63,0.671,2437394.0,27763.0,0.9941126666666666
C04M3_subsampled_40Gb_bin.108.fa.gz,94.27,0.0,2331215.0,63048.0,0.9994534285714286
C04M3_subsampled_40Gb_bin.1.fa.gz,94.21,0.377,2588069.0,94647.0,0.9998058571428572
C04M3_subsampled_40Gb_bin.40.fa.gz,93.93,2.348,2569526.0,15529.0,0.982996
C04M3_subsampled_40Gb_bin.41.fa.gz,93.84,3.02,2646996.0,30464.0,0.9975056666666666
C04M3_subsampled_40Gb_bin.43.fa.gz,93.34,2.782,3048290.0,10836.0,0.0
C04M3_subsampled_40Gb_bin.104.fa.gz,93.11,1.793,3598620.0,32044.0,0.995756
C04M3_subsampled_40Gb_bin.10.fa.gz,92.99,0.0,3254929.0,22679.0,0.0
C04M3_subsampled_40Gb_bin.79.fa.gz,91.8,2.483,4485599.0,11221.0,0.9913959999999999
C04M3_subsampled_40Gb_bin.38.fa.gz,91.61,0.671,3061863.0,21755.0,0.9977717142857143
C04M3_subsampled_40Gb_bin.6.fa.gz,91.27,1.194,2779576.0,11880.0,0.994661
C04M3_subsampled_40Gb_bin.82.fa.gz,89.81,0.019,3464047.0,20952.0,0.99325025
C04M3_subsampled_40Gb_bin.30.fa.gz,89.79,0.559,2921730.0,14426.0,0.994709
C04M3_subsampled_40Gb_bin.27.fa.gz,89.67,2.207,4279678.0,12346.0,0.98542025
C04M3_subsampled_40Gb_bin.94.fa.gz,89.61,2.531,3136453.0,13861.0,0.991562
C04M3_subsampled_40Gb_bin.51.fa.gz,88.7,1.267,3528145.0,26076.0,0.9960954
C04M3_subsampled_40Gb_bin.80.fa.gz,88.43,1.105,2349335.0,177748.0,0.9997573333333333
C04M3_subsampled_40Gb_bin.57.fa.gz,87.46,3.914,2736650.0,8673.0,0.986052
C04M3_subsampled_40Gb_bin.7.fa.gz,86.61,0.0,2398036.0,14539.0,0.992746
C04M3_subsampled_40Gb_bin.26.fa.gz,86.29,4.385,3260967.0,13294.0,0.0
C04M3_subsampled_40Gb_bin.101.fa.gz,86.07,1.342,2765431.0,14918.0,0.995722
C04M3_subsampled_40Gb_bin.107.fa.gz,85.64,2.348,1798608.0,10791.0,0.9918388
C04M3_subsampled_40Gb_bin.15.fa.gz,83.29,1.207,2323610.0,5417.0,0.0
C04M3_subsampled_40Gb_bin.16.fa.gz,82.18,1.23,1764889.0,6444.0,0.0
C04M3_subsampled_40Gb_bin.32.fa.gz,79.67,2.394,2575684.0,5927.0,0.9984972499999999
C04M3_subsampled_40Gb_bin.13.fa.gz,79.6,0.377,1935741.0,98205.0,0.9989848333333334
C04M3_subsampled_40Gb_bin.47.fa.gz,79.52,1.067,2060772.0,3861.0,0.0
C04M3_subsampled_40Gb_bin.92.fa.gz,78.23,2.46,1835270.0,244741.0,0.9999739999999999
C04M3_subsampled_40Gb_bin.66.fa.gz,78.01,2.237,1651852.0,29063.0,0.994771
C04M3_subsampled_40Gb_bin.64.fa.gz,75.23,5.727,3347704.0,4578.0,0.0
C04M3_subsampled_40Gb_bin.99.fa.gz,75.05,1.235,2088427.0,3745.0,0.0
C04M3_subsampled_40Gb_bin.71.fa.gz,74.72,3.016,,,0.0
C04M3_subsampled_40Gb_bin.5.fa.gz,74.51,0.0,,,0.0
C04M3_subsampled_40Gb_bin.100.fa.gz,73.71,2.342,,,0.0
C04M3_subsampled_40Gb_bin.91.fa.gz,73.64,1.342,,,0.0
C04M3_subsampled_40Gb_bin.44.fa.gz,71.39,4.362,,,0.0
C04M3_subsampled_40Gb_bin.49.fa.gz,71.34,0.02,,,0.0
C04M3_subsampled_40Gb_bin.45.fa.gz,70.58,1.349,,,0.0
C04M3_subsampled_40Gb_bin.53.fa.gz,70.47,1.149,,,0.0
C04M3_subsampled_40Gb_bin.58.fa.gz,70.08,2.544,,,0.0
C13F5_subsampled_20Gb_Hybrid_bin.23.fa.gz,100.0,3.935,5056713.0,161488.0,0.997611
C13F5_subsampled_20Gb_Hybrid_bin.68.fa.gz,99.43,1.132,3504040.0,271611.0,0.9930845
C13F5_subsampled_20Gb_Hybrid_bin.55.fa.gz,99.43,1.509,3559182.0,449942.0,0.9918848333333333
C13F5_subsampled_20Gb_Hybrid_bin.48.fa.gz,99.43,0.754,3691963.0,467469.0,0.9993491428571427
C13F5_subsampled_20Gb_Hybrid_bin.34.fa.gz,99.43,1.132,3373969.0,559876.0,0.9999275
C13F5_subsampled_20Gb_Hybrid_bin.32.fa.gz,99.43,0.88,3070197.0,742760.0,0.999676
C13F5_subsampled_20Gb_Hybrid_bin.30.fa.gz,99.43,0.377,3192141.0,356300.0,0.9994278333333333
C13F5_subsampled_20Gb_Hybrid_bin.72.fa.gz,99.42,1.532,3858885.0,454245.0,0.99760975
C13F5_subsampled_20Gb_Hybrid_bin.25.fa.gz,99.4,3.639,5407767.0,320101.0,0.9987444999999999
C13F5_subsampled_20Gb_Hybrid_bin.58.fa.gz,99.36,0.632,4571694.0,92300.0,0.9964353333333333
C13F5_subsampled_20Gb_Hybrid_bin.35.fa.gz,99.36,0.949,4877303.0,110237.0,0.9994243333333332
C13F5_subsampled_20Gb_Hybrid_bin.62.fa.gz,99.24,0.377,2487095.0,409908.0,0.9988233333333335
C13F5_subsampled_20Gb_Hybrid_bin.79.fa.gz,99.03,0.0,2004461.0,2004461.0,0.9999157142857144
C13F5_subsampled_20Gb_Hybrid_bin.49.fa.gz,98.73,0.0,5247479.0,154854.0,0.9981033333333333
C13F5_subsampled_20Gb_Hybrid_bin.39.fa.gz,98.67,0.0,2898447.0,409239.0,0.9994231428571428
C13F5_subsampled_20Gb_Hybrid_bin.46.fa.gz,98.66,0.111,2020747.0,1099870.0,0.9987084285714286
C13F5_subsampled_20Gb_Hybrid_bin.1.fa.gz,98.27,1.915,4315678.0,598895.0,0.999307
C13F5_subsampled_20Gb_Hybrid_bin.78.fa.gz,98.16,1.724,5334829.0,75269.0,0.9974073999999999
C13F5_subsampled_20Gb_Hybrid_bin.75.fa.gz,98.16,2.485,5382153.0,610816.0,0.998359857142857
C13F5_subsampled_20Gb_Hybrid_bin.9.fa.gz,98.1,0.0,4274775.0,345087.0,0.9994017142857142
C13F5_subsampled_20Gb_Hybrid_bin.64.fa.gz,98.1,1.582,3526404.0,33746.0,0.9977647142857142
C13F5_subsampled_20Gb_Hybrid_bin.42.fa.gz,98.1,2.215,4158820.0,209096.0,0.9994643333333334
C13F5_subsampled_20Gb_Hybrid_bin.20.fa.gz,98.02,1.265,3733537.0,59609.0,0.9990483333333332
C13F5_subsampled_20Gb_Hybrid_bin.52.fa.gz,97.98,1.271,4306426.0,35728.0,0.9978057142857143
C13F5_subsampled_20Gb_Hybrid_bin.71.fa.gz,97.95,0.68,2804767.0,2804767.0,0.999777857142857
C13F5_subsampled_20Gb_Hybrid_bin.57.fa.gz,97.92,0.377,3190038.0,339122.0,0.9983601428571428
C13F5_subsampled_20Gb_Hybrid_bin.29.fa.gz,97.92,0.377,2895448.0,329482.0,0.9985484285714286
C13F5_subsampled_20Gb_Hybrid_bin.54.fa.gz,97.9,3.691,4696589.0,41355.0,0.9963783333333333
C13F5_subsampled_20Gb_Hybrid_bin.73.fa.gz,97.85,4.249,3990791.0,37945.0,0.9975335
C13F5_subsampled_20Gb_Hybrid_bin.31.fa.gz,97.7,2.369,3887183.0,29060.0,0.9959548333333333
C13F5_subsampled_20Gb_Hybrid_bin.16.fa.gz,97.7,1.724,4952356.0,328816.0,0.9989232857142858
C13F5_subsampled_20Gb_Hybrid_bin.76.fa.gz,97.53,0.776,2958248.0,65194.0,0.999139857142857
C13F5_subsampled_20Gb_Hybrid_bin.26.fa.gz,97.36,4.746,4064469.0,31017.0,0.9942855714285715
C13F5_subsampled_20Gb_Hybrid_bin.19.fa.gz,97.31,0.671,3248652.0,138771.0,0.9986514999999999
C13F5_subsampled_20Gb_Hybrid_bin.4.fa.gz,96.66,0.377,2950877.0,156711.0,0.9987183999999999
C13F5_subsampled_20Gb_Hybrid_bin.21.fa.gz,96.6,0.377,2975520.0,333504.0,0.9989235000000001
C13F5_subsampled_20Gb_Hybrid_bin.2.fa.gz,96.54,2.109,3906559.0,19531.0,0.9952247499999999
C13F5_subsampled_20Gb_Hybrid_bin.70.fa.gz,96.49,0.966,2971456.0,41270.0,0.9980866666666667
C13F5_subsampled_20Gb_Hybrid_bin.36.fa.gz,96.48,0.699,1918818.0,168901.0,0.9984271428571428
C13F5_subsampled_20Gb_Hybrid_bin.81.fa.gz,96.43,2.394,4292231.0,98244.0,0.999002
C13F5_subsampled_20Gb_Hybrid_bin.5.fa.gz,96.43,1.532,4577036.0,71306.0,0.9980333333333333
C13F5_subsampled_20Gb_Hybrid_bin.28.fa.gz,96.37,0.026,2120233.0,237337.0,0.998962
C13F5_subsampled_20Gb_Hybrid_bin.82.fa.gz,95.68,1.34,3785526.0,84201.0,0.999319
C13F5_subsampled_20Gb_Hybrid_bin.53.fa.gz,95.3,3.691,3717776.0,98959.0,0.9900230000000002
C13F5_subsampled_20Gb_Hybrid_bin.17.fa.gz,95.29,0.026,1844032.0,1420201.0,0.9989151666666666
C13F5_subsampled_20Gb_Hybrid_bin.63.fa.gz,95.28,2.394,4490991.0,65420.0,0.9978686666666667
C13F5_subsampled_20Gb_Hybrid_bin.18.fa.gz,95.07,2.125,3004761.0,59241.0,0.9975914285714286
C13F5_subsampled_20Gb_Hybrid_bin.3.fa.gz,94.85,0.223,2125883.0,112229.0,0.9985462857142858
C13F5_subsampled_20Gb_Hybrid_bin.74.fa.gz,94.37,0.891,3156775.0,50066.0,0.9979643333333333
C13F5_subsampled_20Gb_Hybrid_bin.37.fa.gz,94.29,0.0,2883421.0,146721.0,0.9976452857142856
C13F5_subsampled_20Gb_Hybrid_bin.67.fa.gz,94.21,0.377,2741152.0,257070.0,0.9995857142857144
C13F5_subsampled_20Gb_Hybrid_bin.7.fa.gz,94.14,2.298,3824115.0,101821.0,0.9969671999999999
C13F5_subsampled_20Gb_Hybrid_bin.56.fa.gz,94.02,0.788,2904907.0,25601.0,0.9959015
C13F5_subsampled_20Gb_Hybrid_bin.51.fa.gz,93.96,0.503,2489211.0,123908.0,0.9996674999999999
C13F5_subsampled_20Gb_Hybrid_bin.65.fa.gz,93.85,1.364,3945018.0,30731.0,0.9966562
C13F5_subsampled_20Gb_Hybrid_bin.80.fa.gz,93.58,2.873,3619469.0,25217.0,0.9962365
C13F5_subsampled_20Gb_Hybrid_bin.45.fa.gz,93.28,2.89,4062093.0,15899.0,0.98888875
C13F5_subsampled_20Gb_Hybrid_bin.33.fa.gz,93.21,1.504,3403682.0,76251.0,0.9985940000000001
C13F5_subsampled_20Gb_Hybrid_bin.40.fa.gz,93.18,2.909,3658014.0,18427.0,0.99612925
C13F5_subsampled_20Gb_Hybrid_bin.8.fa.gz,92.97,4.908,3847303.0,16548.0,0.9951033333333333
C13F5_subsampled_20Gb_Hybrid_bin.69.fa.gz,92.95,0.0,2518577.0,134316.0,0.9987172857142858
C13F5_subsampled_20Gb_Hybrid_bin.11.fa.gz,92.27,8.615,5080054.0,57337.0,0.9985083333333332
C13F5_subsampled_20Gb_Hybrid_bin.15.fa.gz,92.2,0.727,1842739.0,26068.0,0.9976038333333334
C13F5_subsampled_20Gb_Hybrid_bin.50.fa.gz,92.1,2.013,3030422.0,26841.0,0.9900269999999999
C13F5_subsampled_20Gb_Hybrid_bin.22.fa.gz,91.62,2.879,3510761.0,16839.0,0.991727
C13F5_subsampled_20Gb_Hybrid_bin.59.fa.gz,91.07,7.553,2849816.0,8520.0,0.9853445000000001
C13F5_subsampled_20Gb_Hybrid_bin.10.fa.gz,91.03,0.0,3820539.0,16184.0,0.9917296666666666
C13F5_subsampled_20Gb_Hybrid_bin.44.fa.gz,90.88,6.896,6253174.0,59182.0,0.9942382000000001
C13F5_subsampled_20Gb_Hybrid_bin.77.fa.gz,90.48,1.18,3486103.0,25939.0,0.994633
C13F5_subsampled_20Gb_Hybrid_bin.12.fa.gz,90.15,0.041,1522241.0,74286.0,0.9985016666666667
C13F5_subsampled_20Gb_Hybrid_bin.47.fa.gz,89.54,2.327,2732070.0,21228.0,0.9975123333333334
C13F5_subsampled_20Gb_Hybrid_bin.41.fa.gz,87.19,2.241,6171308.0,125139.0,0.9985189999999999
C13F5_subsampled_20Gb_Hybrid_bin.27.fa.gz,87.1,1.812,2995306.0,19231.0,0.9981367999999999
C13F5_subsampled_20Gb_Hybrid_bin.24.fa.gz,84.22,2.705,2482889.0,12021.0,0.985799
C13F5_subsampled_20Gb_Hybrid_bin.13.fa.gz,82.74,0.671,2339713.0,21249.0,0.995713
C13F5_subsampled_20Gb_Hybrid_bin.6.fa.gz,82.19,1.713,2498586.0,13255.0,0.9925755
C13F5_subsampled_20Gb_Hybrid_bin.83.fa.gz,81.35,3.826,3347857.0,6387.0,0.986162
C13F5_subsampled_20Gb_Hybrid_bin.61.fa.gz,81.03,0.285,2346669.0,12563.0,0.9934196666666667
C13F5_subsampled_20Gb_Hybrid_bin.38.fa.gz,80.74,0.632,2806203.0,17006.0,0.993865
C13F5_subsampled_20Gb_Hybrid_bin.43.fa.gz,79.26,4.026,2188855.0,13715.0,0.993708
C13F5_subsampled_20Gb_Hybrid_bin.66.fa.gz,74.9,4.026,,,0.0
C13F5_subsampled_20Gb_Hybrid_bin.14.fa.gz,73.13,5.369,,,0.0
C13F5_subsampled_20Gb_Hybrid_bin.60.fa.gz,72.8,0.531,,,0.0
C13F5_subsampled_20Gb_bin.22.fa.gz,99.71,3.744,4978432.0,70327.0,0.9973695
C13F5_subsampled_20Gb_bin.42.fa.gz,99.43,0.0,2859506.0,100312.0,0.9996467142857143
C13F5_subsampled_20Gb_bin.3.fa.gz,99.43,1.132,3193748.0,293354.0,0.9999875
C13F5_subsampled_20Gb_bin.35.fa.gz,99.43,0.754,3317449.0,205847.0,0.9931825000000001
C13F5_subsampled_20Gb_bin.24.fa.gz,99.43,0.754,2785816.0,179951.0,0.9999611428571429
C13F5_subsampled_20Gb_bin.18.fa.gz,99.43,0.377,2663471.0,101058.0,0.9997504999999999
C13F5_subsampled_20Gb_bin.57.fa.gz,99.42,0.377,3492293.0,162852.0,0.9997572857142858
C13F5_subsampled_20Gb_bin.25.fa.gz,99.42,2.107,4012755.0,168527.0,0.9980037500000001
C13F5_subsampled_20Gb_bin.41.fa.gz,99.4,2.507,4769498.0,87677.0,0.9993758333333332
C13F5_subsampled_20Gb_bin.37.fa.gz,99.36,0.0,4084902.0,89279.0,0.9997464285714285
C13F5_subsampled_20Gb_bin.65.fa.gz,99.24,0.377,2411470.0,105419.0,0.9989885
C13F5_subsampled_20Gb_bin.2.fa.gz,99.03,0.0,1996763.0,378773.0,0.9999837142857143
C13F5_subsampled_20Gb_bin.21.fa.gz,98.73,3.021,4330726.0,38235.0,0.999629
C13F5_subsampled_20Gb_bin.53.fa.gz,98.67,0.377,2480002.0,72353.0,0.9997386666666667
C13F5_subsampled_20Gb_bin.50.fa.gz,98.66,0.111,1962881.0,101256.0,0.9988672857142857
C13F5_subsampled_20Gb_bin.14.fa.gz,98.42,0.0,2395492.0,78237.0,0.9993485714285715
C13F5_subsampled_20Gb_bin.52.fa.gz,98.41,0.0,4559636.0,36543.0,0.9990890000000001
C13F5_subsampled_20Gb_bin.39.fa.gz,98.27,1.915,3945190.0,176442.0,0.9995938333333333
C13F5_subsampled_20Gb_bin.67.fa.gz,98.16,1.724,4930131.0,30137.0,0.9971042000000001
C13F5_subsampled_20Gb_bin.17.fa.gz,98.16,2.485,4350485.0,115910.0,0.9991412857142857
C13F5_subsampled_20Gb_bin.64.fa.gz,98.1,0.0,4229362.0,44166.0,0.9971566666666667
C13F5_subsampled_20Gb_bin.46.fa.gz,98.1,1.265,3373289.0,22035.0,0.9995193333333333
C13F5_subsampled_20Gb_bin.34.fa.gz,98.1,1.582,4533583.0,32996.0,0.9998429999999999
C13F5_subsampled_20Gb_bin.68.fa.gz,97.95,0.68,2762693.0,198852.0,0.9999441428571428
C13F5_subsampled_20Gb_bin.47.fa.gz,97.92,0.377,2388171.0,41874.0,0.9997895714285715
C13F5_subsampled_20Gb_bin.36.fa.gz,97.58,2.969,4440645.0,26829.0,0.9984121666666667
C13F5_subsampled_20Gb_bin.45.fa.gz,97.42,0.0,3664844.0,34454.0,0.997724142857143
C13F5_subsampled_20Gb_bin.30.fa.gz,97.31,1.342,3161998.0,81920.0,0.9986908333333333
C13F5_subsampled_20Gb_bin.27.fa.gz,97.31,2.013,3536746.0,34469.0,0.9907066666666666
C13F5_subsampled_20Gb_bin.9.fa.gz,97.18,0.579,2713435.0,19564.0,0.9982191666666665
C13F5_subsampled_20Gb_bin.62.fa.gz,97.01,1.279,3912672.0,33925.0,0.9995240000000001
C13F5_subsampled_20Gb_bin.12.fa.gz,96.41,0.0,2299493.0,80305.0,0.9995474285714285
C13F5_subsampled_20Gb_bin.11.fa.gz,96.37,0.026,1955077.0,85774.0,0.9993343333333334
C13F5_subsampled_20Gb_bin.44.fa.gz,95.97,1.724,3996793.0,84192.0,0.9997945714285714
C13F5_subsampled_20Gb_bin.32.fa.gz,95.78,0.699,1872085.0,35377.0,0.9982805714285714
C13F5_subsampled_20Gb_bin.58.fa.gz,95.64,0.776,2804709.0,21383.0,0.9996037142857143
C13F5_subsampled_20Gb_bin.16.fa.gz,95.29,0.026,1783859.0,290194.0,0.9990398333333332
C13F5_subsampled_20Gb_bin.60.fa.gz,95.25,1.053,3611781.0,34631.0,0.9992713333333333
C13F5_subsampled_20Gb_bin.1.fa.gz,95.06,2.267,3476006.0,9300.0,0.9957050000000001
C13F5_subsampled_20Gb_bin.5.fa.gz,94.85,0.223,1855884.0,41560.0,0.999168
C13F5_subsampled_20Gb_bin.26.fa.gz,94.77,0.377,2376782.0,42381.0,0.9996879999999999
C13F5_subsampled_20Gb_bin.33.fa.gz,94.62,1.898,3549041.0,90430.0,0.9997493333333334
C13F5_subsampled_20Gb_bin.20.fa.gz,94.21,0.377,2696055.0,103554.0,0.9996872857142858
C13F5_subsampled_20Gb_bin.55.fa.gz,93.96,0.88,2504203.0,69134.0,0.9996835
C13F5_subsampled_20Gb_bin.43.fa.gz,93.96,0.503,2572344.0,81114.0,0.9942605000000001
C13F5_subsampled_20Gb_bin.13.fa.gz,93.86,1.34,3550024.0,47141.0,0.999832
C13F5_subsampled_20Gb_bin.31.fa.gz,93.44,3.31,3150945.0,8132.0,0.996706857142857
C13F5_subsampled_20Gb_bin.8.fa.gz,93.3,3.372,3165259.0,9421.0,0.9987980000000002
C13F5_subsampled_20Gb_bin.28.fa.gz,93.24,3.691,3059706.0,10975.0,0.9898032000000001
C13F5_subsampled_20Gb_bin.29.fa.gz,92.72,0.782,3029095.0,17413.0,0.9984295714285715
C13F5_subsampled_20Gb_bin.48.fa.gz,92.46,2.046,5297328.0,40302.0,0.9996575000000001
C13F5_subsampled_20Gb_bin.66.fa.gz,92.33,1.942,3364745.0,6194.0,0.9990651428571429
C13F5_subsampled_20Gb_bin.56.fa.gz,92.33,2.551,3788671.0,11284.0,0.9966959999999999
C13F5_subsampled_20Gb_bin.40.fa.gz,92.12,1.983,3248465.0,5391.0,0.9954813333333333
C13F5_subsampled_20Gb_bin.10.fa.gz,91.54,4.764,3883866.0,6876.0,0.9958966666666665
C13F5_subsampled_20Gb_bin.38.fa.gz,91.45,1.898,2654317.0,6224.0,0.9994568571428571
C13F5_subsampled_20Gb_bin.4.fa.gz,90.98,1.189,4469617.0,24101.0,0.9995853333333334
C13F5_subsampled_20Gb_bin.23.fa.gz,90.72,0.574,3246743.0,36527.0,0.9975868
C13F5_subsampled_20Gb_bin.6.fa.gz,90.27,1.16,3155271.0,8335.0,0.9958102857142856
C13F5_subsampled_20Gb_bin.54.fa.gz,90.02,0.062,1432153.0,19447.0,0.999032
C13F5_subsampled_20Gb_bin.61.fa.gz,87.61,0.754,2869321.0,6938.0,0.9989281666666666
C13F5_subsampled_20Gb_bin.19.fa.gz,87.19,2.298,4312799.0,20502.0,0.9956686000000001
C13F5_subsampled_20Gb_bin.59.fa.gz,84.47,0.806,1606687.0,25595.0,0.9968541428571428
C13F5_subsampled_20Gb_bin.63.fa.gz,83.96,1.532,2905708.0,5132.0,0.9986923999999998
C13F5_subsampled_20Gb_bin.51.fa.gz,83.11,2.264,2284073.0,5992.0,0.9983143333333332
C13F5_subsampled_20Gb_bin.7.fa.gz,80.71,2.046,2467388.0,6704.0,0.9970754
C13F5_subsampled_20Gb_bin.49.fa.gz,77.0,2.561,2231659.0,4450.0,0.9973292500000001
C13F5_subsampled_40Gb_bin.68.fa.gz,99.9,4.319,4733114.0,81629.0,0.9983801666666666
C13F5_subsampled_40Gb_bin.79.fa.gz,99.43,0.377,2691508.0,101058.0,0.9998438333333333
C13F5_subsampled_40Gb_bin.59.fa.gz,99.43,0.0,2849865.0,129858.0,0.9996772857142856
C13F5_subsampled_40Gb_bin.52.fa.gz,99.43,0.754,3445745.0,109551.0,0.9927765000000001
C13F5_subsampled_40Gb_bin.21.fa.gz,99.43,0.88,3017392.0,114044.0,0.999962
C13F5_subsampled_40Gb_bin.9.fa.gz,99.42,6.417,4195016.0,172503.0,0.99798275
C13F5_subsampled_40Gb_bin.67.fa.gz,99.42,0.754,3628387.0,162876.0,0.9995501428571429
C13F5_subsampled_40Gb_bin.44.fa.gz,99.4,2.49,4833042.0,81024.0,0.9992575
C13F5_subsampled_40Gb_bin.72.fa.gz,99.36,0.0,4086641.0,89279.0,0.9997168571428572
C13F5_subsampled_40Gb_bin.51.fa.gz,99.36,1.265,3660441.0,72818.0,0.9990483333333332
C13F5_subsampled_40Gb_bin.45.fa.gz,99.36,1.582,4904414.0,56010.0,0.9995826666666666
C13F5_subsampled_40Gb_bin.81.fa.gz,99.34,0.632,4531961.0,29781.0,0.9970655
C13F5_subsampled_40Gb_bin.39.fa.gz,99.05,0.377,3040703.0,293354.0,0.9999795
C13F5_subsampled_40Gb_bin.75.fa.gz,99.03,0.0,1996504.0,378773.0,0.9999828571428572
C13F5_subsampled_40Gb_bin.57.fa.gz,98.85,3.021,4483306.0,64573.0,0.999028
C13F5_subsampled_40Gb_bin.56.fa.gz,98.67,0.377,2536945.0,40589.0,0.9997347142857143
C13F5_subsampled_40Gb_bin.25.fa.gz,98.67,0.377,2506650.0,72353.0,0.9997526666666667
C13F5_subsampled_40Gb_bin.23.fa.gz,98.66,0.111,1971475.0,101256.0,0.9990102857142856
C13F5_subsampled_40Gb_bin.19.fa.gz,98.49,0.377,2378265.0,109980.0,0.9988378333333333
C13F5_subsampled_40Gb_bin.2.fa.gz,98.44,1.656,3683975.0,30384.0,0.997986
C13F5_subsampled_40Gb_bin.38.fa.gz,98.42,0.0,2449274.0,63048.0,0.9992614285714285
C13F5_subsampled_40Gb_bin.42.fa.gz,98.41,0.0,4721418.0,38864.0,0.9987885
C13F5_subsampled_40Gb_bin.35.fa.gz,98.27,1.915,4074100.0,176442.0,0.9993235
C13F5_subsampled_40Gb_bin.71.fa.gz,98.16,1.724,5059604.0,42191.0,0.9970320000000001
C13F5_subsampled_40Gb_bin.43.fa.gz,98.16,2.485,4217130.0,111241.0,0.9990880000000001
C13F5_subsampled_40Gb_bin.74.fa.gz,98.1,2.215,3799963.0,96447.0,0.9997356666666666
C13F5_subsampled_40Gb_bin.47.fa.gz,98.1,1.74,3211444.0,12005.0,0.9989331428571429
C13F5_subsampled_40Gb_bin.64.fa.gz,97.95,0.68,2764777.0,198852.0,0.9999271428571428
C13F5_subsampled_40Gb_bin.76.fa.gz,97.7,1.724,4516103.0,90273.0,0.9996621428571428
C13F5_subsampled_40Gb_bin.22.fa.gz,97.39,1.819,4150912.0,46578.0,0.9983915
C13F5_subsampled_40Gb_bin.63.fa.gz,97.31,1.159,3853972.0,12938.0,0.9982722857142857
C13F5_subsampled_40Gb_bin.55.fa.gz,97.19,1.886,2810426.0,19271.0,0.9978428333333333
C13F5_subsampled_40Gb_bin.73.fa.gz,97.16,0.377,2788552.0,41689.0,0.999605
C13F5_subsampled_40Gb_bin.70.fa.gz,96.83,0.0,4179344.0,39667.0,0.9977253333333334
C13F5_subsampled_40Gb_bin.11.fa.gz,96.75,0.02,2988749.0,42660.0,0.9982252857142858
C13F5_subsampled_40Gb_bin.62.fa.gz,96.64,1.724,4003665.0,49931.0,0.9970072
C13F5_subsampled_40Gb_bin.49.fa.gz,96.64,0.671,2526377.0,93099.0,0.9992435
C13F5_subsampled_40Gb_bin.28.fa.gz,96.6,0.223,2323307.0,25878.0,0.9917908000000001
C13F5_subsampled_40Gb_bin.78.fa.gz,96.48,0.699,1943719.0,84741.0,0.9982750000000001
C13F5_subsampled_40Gb_bin.46.fa.gz,96.43,1.566,4264553.0,38917.0,0.9991659999999999
C13F5_subsampled_40Gb_bin.8.fa.gz,96.41,0.0,2292432.0,80305.0,0.9996777142857143
C13F5_subsampled_40Gb_bin.7.fa.gz,96.37,0.026,1981151.0,86637.0,0.9992386666666665
C13F5_subsampled_40Gb_bin.12.fa.gz,96.33,1.149,3488488.0,53241.0,0.9991616666666667
C13F5_subsampled_40Gb_bin.13.fa.gz,96.06,3.243,3480609.0,14143.0,0.995647
C13F5_subsampled_40Gb_bin.24.fa.gz,96.05,1.915,3224298.0,29123.0,0.9979646000000001
C13F5_subsampled_40Gb_bin.33.fa.gz,96.03,1.677,3471810.0,48585.0,0.9911671666666666
C13F5_subsampled_40Gb_bin.10.fa.gz,95.74,1.363,3141216.0,21692.0,0.997915
C13F5_subsampled_40Gb_bin.60.fa.gz,95.68,1.915,3684658.0,70391.0,0.999514
C13F5_subsampled_40Gb_bin.17.fa.gz,95.65,0.0,2607417.0,45303.0,0.9984155
C13F5_subsampled_40Gb_bin.50.fa.gz,95.36,2.201,2853466.0,12553.0,0.9952835000000001
C13F5_subsampled_40Gb_bin.61.fa.gz,95.29,0.026,1819146.0,276340.0,0.9992178333333334
C13F5_subsampled_40Gb_bin.41.fa.gz,94.85,0.223,2012340.0,55475.0,0.9988281428571428
C13F5_subsampled_40Gb_bin.6.fa.gz,94.84,0.377,3087589.0,22255.0,0.9987123333333333
C13F5_subsampled_40Gb_bin.34.fa.gz,94.38,0.843,3309888.0,13627.0,0.99446025
C13F5_subsampled_40Gb_bin.36.fa.gz,94.37,3.467,3473573.0,12467.0,0.997979
C13F5_subsampled_40Gb_bin.31.fa.gz,94.18,0.314,2466570.0,83465.0,0.9998
C13F5_subsampled_40Gb_bin.40.fa.gz,93.85,1.584,3742880.0,20164.0,0.9967092
C13F5_subsampled_40Gb_bin.20.fa.gz,93.83,0.377,2692671.0,100359.0,0.9997231428571427
C13F5_subsampled_40Gb_bin.69.fa.gz,93.61,2.867,3632704.0,13830.0,0.9946277142857143
C13F5_subsampled_40Gb_bin.82.fa.gz,93.46,2.298,4239940.0,6727.0,0.9942643333333333
C13F5_subsampled_40Gb_bin.65.fa.gz,93.09,1.896,5661836.0,42106.0,0.9992110000000001
C13F5_subsampled_40Gb_bin.29.fa.gz,92.8,0.949,3418754.0,13401.0,0.9944888571428571
C13F5_subsampled_40Gb_bin.58.fa.gz,90.82,0.02,1486318.0,42175.0,0.9986793333333334
C13F5_subsampled_40Gb_bin.3.fa.gz,90.1,1.267,4340474.0,34094.0,0.9995206666666667
C13F5_subsampled_40Gb_bin.27.fa.gz,89.05,2.501,3506556.0,4732.0,0.986442
C13F5_subsampled_40Gb_bin.32.fa.gz,87.48,1.724,4319135.0,22394.0,0.9958867999999998
C13F5_subsampled_40Gb_bin.54.fa.gz,86.82,2.278,3238022.0,6186.0,0.995406
C13F5_subsampled_40Gb_bin.30.fa.gz,85.83,2.819,4316660.0,6820.0,0.991623
C13F5_subsampled_40Gb_bin.66.fa.gz,85.5,2.049,3605793.0,5520.0,0.989595
C13F5_subsampled_40Gb_bin.83.fa.gz,85.43,2.531,3265455.0,5467.0,0.9963355
C13F5_subsampled_40Gb_bin.14.fa.gz,83.6,0.265,1660487.0,7384.0,0.9981814999999999
C13F5_subsampled_40Gb_bin.48.fa.gz,83.14,3.733,2142495.0,5853.0,0.0
C13F5_subsampled_40Gb_bin.77.fa.gz,81.68,2.572,2546653.0,7380.0,0.0
C13F5_subsampled_40Gb_bin.80.fa.gz,81.48,1.908,2040115.0,4435.0,0.995408
C13F5_subsampled_40Gb_bin.16.fa.gz,80.17,0.0,1589190.0,29814.0,0.9965718571428572
C13F5_subsampled_40Gb_bin.15.fa.gz,79.86,3.292,2332163.0,5945.0,0.0
C13F5_subsampled_40Gb_bin.4.fa.gz,78.67,2.394,3103712.0,4615.0,0.9980515000000001
C13F5_subsampled_40Gb_bin.37.fa.gz,76.93,2.376,2348969.0,3999.0,0.989314
C13F5_subsampled_40Gb_bin.5.fa.gz,76.35,0.125,2581880.0,71383.0,0.9927008333333333
C13F5_subsampled_40Gb_bin.53.fa.gz,75.3,0.671,1828350.0,49760.0,0.99938
C13F5_subsampled_40Gb_bin.18.fa.gz,75.12,1.209,2130804.0,4511.0,0.9881070000000001
C13F5_subsampled_40Gb_bin.1.fa.gz,73.95,2.46,,,0.0
C13F5_subsampled_40Gb_bin.26.fa.gz,73.74,1.342,,,0.0
C13F5_hifiasm_r63_complete.3.fa.gz,100.0,0.01,3132125.0,3132125.0,0.9994338571428572
C13F5_hifiasm_r63_complete.36.fa.gz,99.99,0.22,2804856.0,2804856.0,0.9998505714285715
C13F5_hifiasm_r63_complete.37.fa.gz,99.49,0.01,2785963.0,2785963.0,0.9993984285714286
C13F5_hifiasm_r63_complete.55.fa.gz,99.17,0.32,2027204.0,2027204.0,0.9987297142857143
C13F5_hifiasm_r63_complete.84.fa.gz,98.53,0.12,2008128.0,2008128.0,0.999892
C13F5_hifiasm_r63_complete.20.fa.gz,97.91,5.77,2411705.0,2411705.0,0.9985698571428571
C13F5_hifiasm_r63_complete.2.fa.gz,97.81,0.33,1832257.0,1832257.0,0.9932854285714284
C13F5_hifiasm_r63_complete.38.fa.gz,96.71,0.65,2148646.0,2148646.0,0.9988765000000001
C13F5_hifiasm_r63_complete.41.fa.gz,96.39,0.2,1879616.0,1879616.0,0.9987723333333335
C13F5_hifiasm_r63_complete.24.fa.gz,95.65,0.17,2009358.0,2009358.0,0.9984051428571429
C13F5_hifiasm_r63_metabat2.151.fa.gz,90.05,0.09,1409199.0,1409199.0,0.9980546666666666
C13F5_hifiasm_r63_semibin2_26.fa.gz,85.85,0.72,3077936.0,3077936.0,0.998966
C13F5_hifiasm_r63_metabat2.61.fa.gz,83.58,0.59,2772371.0,2772371.0,0.9904166666666668
C13F5_hifiasm_r63_semibin2_7.fa.gz,99.96,0.17,3201630.0,1962902.0,0.9995674285714286
C13F5_hifiasm_r63_metabat2.19.fa.gz,99.96,0.65,3214239.0,2148565.0,0.9988472857142856
C13F5_hifiasm_r63_metabat2.100.fa.gz,99.87,0.17,2426233.0,1731490.0,0.9985281666666666
C13F5_hifiasm_r63_metabat2.129.fa.gz,96.55,1.79,4764073.0,4151573.0,0.9989782857142858
C13F5_hifiasm_r63_metabat2.81.fa.gz,93.39,1.95,3413203.0,2208947.0,0.9973818571428571
C13F5_hifiasm_r63_metabat2.125.fa.gz,89.57,0.33,4162923.0,2746212.0,0.9976207142857143
C13F5_hifiasm_r63_metabat2.138.fa.gz,80.98,0.34,1550789.0,1145186.0,0.9891249999999999
C13F5_hifiasm_r63_metabat2.48.fa.gz,99.99,1.68,4902623.0,1666624.0,0.998083
C13F5_hifiasm_r63_semibin2_10.fa.gz,99.98,0.81,3305649.0,2139046.0,0.9986260000000001
C13F5_hifiasm_r63_metabat2.90.fa.gz,99.56,1.03,4555163.0,1299258.0,0.99769825
C13F5_hifiasm_r63_metabat2.128.fa.gz,98.31,3.07,4698056.0,3533784.0,0.9995216666666665
C13F5_hifiasm_r63_semibin2_22_sub.fa.gz,97.22,9.89,5032630.0,3037690.0,0.9990986666666667
C13F5_hifiasm_r63_metabat2.77.fa.gz,96.4,0.44,5121006.0,2191205.0,0.9990041428571427
C13F5_hifiasm_r63_metabat2.55.fa.gz,96.26,4.16,4603458.0,3056167.0,0.9979351428571429
C13F5_hifiasm_r63_metabat2.105.fa.gz,95.42,5.22,5857623.0,2179298.0,0.9978319999999999
C13F5_hifiasm_r63_semibin2_34.fa.gz,85.44,2.12,4493438.0,1491601.0,0.9976106666666666
C13F5_hifiasm_r63_metabat2.113.fa.gz,83.66,1.1,1616155.0,894611.0,0.9974898333333334
C13F5_hifiasm_r63_semibin2_62.fa.gz,77.52,5.14,4261886.0,3455937.0,0.994021
C13F5_hifiasm_r63_metabat2.126.fa.gz,75.21,0.77,3349830.0,1821947.0,0.9925912857142858
C13F5_hifiasm_r63_semibin2_6.fa.gz,99.93,0.83,3092831.0,1848789.0,0.9990437142857143
C13F5_hifiasm_r63_metabat2.92.fa.gz,96.12,4.26,5769765.0,3621875.0,0.9990900000000001
C13F5_hifiasm_r63_metabat2.91.fa.gz,95.1,6.39,5089926.0,1309799.0,0.998168
C13F5_hifiasm_r63_metabat2.178.fa.gz,95.1,2.54,3616221.0,1063040.0,0.9982129999999999
C13F5_hifiasm_r63_semibin2_11.fa.gz,93.95,2.77,4168070.0,1154400.0,0.9979627142857143
C13F5_hifiasm_r63_metabat2.47.fa.gz,90.02,1.49,3814086.0,1435605.0,0.9984613333333333
C13F5_hifiasm_r63_metabat2.208.fa.gz,85.45,9.51,3703140.0,3027179.0,0.9931266666666666
C13F5_hifiasm_r63_semibin2_35.fa.gz,84.93,4.68,5068905.0,1141450.0,0.9972055000000001
C13F5_hifiasm_r63_metabat2.120.fa.gz,79.27,0.62,3128645.0,1704926.0,0.997054
C13F5_hifiasm_r63_metabat2.34.fa.gz,94.3,7.37,4283064.0,1102804.0,0.9955413999999999
C13F5_hifiasm_r63_semibin2_31.fa.gz,84.44,1.3,5143849.0,2592396.0,0.9957118333333334
C13F5_hifiasm_r63_metabat2.29.fa.gz,79.67,1.32,2587902.0,957699.0,0.9870863333333332
C13F5_hifiasm_r63_metabat2.197.fa.gz,73.76,6.59,,,0.0
C13F5_hifiasm_r63_semibin2_13.fa.gz,99.97,2.08,3245409.0,1115696.0,0.9986694285714285
C13F5_hifiasm_r63_metabat2.96.fa.gz,96.63,8.97,6210695.0,1483755.0,0.9978760000000001
C13F5_hifiasm_r63_semibin2_43.fa.gz,83.21,5.88,5016138.0,873101.0,0.9986083333333333
C13F5_hifiasm_r63_semibin2_36.fa.gz,76.61,1.69,3023067.0,1621279.0,0.9992690000000001
C13F5_hifiasm_r63_semibin2_29.fa.gz,81.3,1.55,2770072.0,719668.0,0.995859
C13F5_hifiasm_r63_semibin2_68.fa.gz,78.61,0.88,3442017.0,643607.0,0.9833225714285713
C13F5_hifiasm_r63_semibin2_25.fa.gz,92.53,5.35,3965348.0,625530.0,0.9977421666666667
C13F5_hifiasm_r63_metabat2.98.fa.gz,96.74,3.19,6012761.0,1000591.0,0.9964063999999999
C13F5_hifiasm_r63_metabat2.30.fa.gz,82.76,4.0,4238013.0,602176.0,0.992622
C13F5_hifiasm_r63_semibin2_52.fa.gz,73.55,1.5,,,0.0
C13F5_hifiasm_r63_semibin2_19.fa.gz,86.41,0.68,2994921.0,807501.0,0.9948514999999999
C13F5_hifiasm_r63_semibin2_47.fa.gz,75.72,2.92,3221129.0,307749.0,0.9934586666666667
C13F5_hifiasm_r63_metabat2.70.fa.gz,95.32,0.28,3662909.0,290151.0,0.9965325
C13F5_hifiasm_r63_metabat2.116.fa.gz,80.62,1.56,3095280.0,197545.0,0.9931015
C13F5_hifiasm_r63_semibin2_41.fa.gz,77.56,3.3,1843487.0,131558.0,0.0
C13F5_hifiasm_r63_metabat2.150.fa.gz,86.1,2.79,4939730.0,400153.0,0.988089
C04M3_hifiasm_r63_complete.40.fa.gz,100.0,0.55,2940807.0,2940807.0,0.9992953333333334
C04M3_hifiasm_r63_complete.13.fa.gz,99.99,0.22,2763217.0,2763217.0,0.9997842857142858
C04M3_hifiasm_r63_complete.5.fa.gz,99.93,0.19,3146410.0,3146410.0,0.9996355714285715
C04M3_hifiasm_r63_complete.94.fa.gz,99.4,0.49,3388809.0,3388809.0,0.9978720000000001
C04M3_hifiasm_r63_complete.16.fa.gz,99.26,0.32,2083934.0,2083934.0,0.9985671428571429
C04M3_hifiasm_r63_complete.113.fa.gz,98.62,0.12,2008126.0,2008126.0,0.9998972857142858
C04M3_hifiasm_r63_complete.11.fa.gz,98.07,0.61,1980800.0,1980800.0,0.9969471428571428
C04M3_hifiasm_r63_complete.148.fa.gz,97.17,0.41,1964155.0,1964155.0,0.9982643333333333
C04M3_hifiasm_r63_complete.52.fa.gz,95.56,4.4,1851328.0,1851328.0,0.9998053333333333
C04M3_hifiasm_r63_complete.76.fa.gz,94.75,0.46,4053821.0,4053821.0,0.9957400000000001
C04M3_hifiasm_r63_complete.49.fa.gz,93.81,3.89,4349129.0,4349129.0,0.9976924285714286
C04M3_hifiasm_r63_metabat2.148.fa.gz,95.95,5.85,5285056.0,3482980.0,0.9936407142857143
C04M3_hifiasm_r63_metabat2.155.fa.gz,90.14,0.04,2650532.0,1448691.0,0.9993515714285716
C04M3_hifiasm_r63_semibin2_42.fa.gz,76.5,1.44,3879850.0,1969251.0,0.9906841666666666
C04M3_hifiasm_r63_metabat2.167.fa.gz,99.99,0.01,3022506.0,1225665.0,0.9990794285714287
C04M3_hifiasm_r63_semibin2_12.fa.gz,99.97,0.75,3190981.0,1729536.0,0.9987775714285715
C04M3_hifiasm_r63_semibin2_20.fa.gz,99.96,0.49,3322188.0,1944425.0,0.9988241428571428
C04M3_hifiasm_r63_metabat2.23.fa.gz,98.64,1.98,4536889.0,3344630.0,0.9992763333333333
C04M3_hifiasm_r63_metabat2.183.fa.gz,97.36,1.22,2205063.0,1975816.0,0.9982407142857143
C04M3_hifiasm_r63_semibin2_3.fa.gz,96.87,0.5,3282750.0,1050596.0,0.999443
C04M3_hifiasm_r63_semibin2_13.fa.gz,93.39,1.13,3574225.0,3106875.0,0.9978303333333333
C04M3_hifiasm_r63_metabat2.102.fa.gz,81.7,3.03,3849652.0,2077799.0,0.9987693333333333
C04M3_hifiasm_r63_semibin2_16.fa.gz,100.0,0.07,3820240.0,1268771.0,0.9993391428571429
C04M3_hifiasm_r63_semibin2_21.fa.gz,99.99,0.1,3366311.0,2037993.0,0.9982918
C04M3_hifiasm_r63_semibin2_26.fa.gz,99.99,2.38,3351997.0,959474.0,0.9985217142857143
C04M3_hifiasm_r63_metabat2.127.fa.gz,99.99,1.82,4902897.0,1557450.0,0.998324
C04M3_hifiasm_r63_metabat2.62.fa.gz,99.96,1.06,4659567.0,2595854.0,0.9978122857142857
C04M3_hifiasm_r63_metabat2.78.fa.gz,96.55,2.24,4659315.0,2697945.0,0.9989478571428572
C04M3_hifiasm_r63_metabat2.196.fa.gz,95.84,0.56,4338934.0,2595615.0,0.9990483333333332
C04M3_hifiasm_r63_semibin2_0.fa.gz,95.81,0.52,2365638.0,726719.0,0.9993586666666667
C04M3_hifiasm_r63_metabat2.138.fa.gz,85.34,0.51,3036982.0,1014584.0,0.9952193333333333
C04M3_hifiasm_r63_semibin2_22.fa.gz,97.66,8.58,5881116.0,1437079.0,0.9980466666666667
C04M3_hifiasm_r63_semibin2_28.fa.gz,91.47,4.11,3337853.0,977300.0,0.9971927142857142
C04M3_hifiasm_r63_semibin2_33.fa.gz,88.82,6.57,6169039.0,1178358.0,0.9982686666666667
C04M3_hifiasm_r63_semibin2_30.fa.gz,85.73,0.49,2472788.0,647424.0,0.9984278571428572
C04M3_hifiasm_r63_semibin2_17.fa.gz,95.96,0.32,5110946.0,2603708.0,0.9990411428571428
C04M3_hifiasm_r63_semibin2_10.fa.gz,97.0,9.29,6383758.0,944090.0,0.9989206666666667
C04M3_hifiasm_r63_semibin2_19.fa.gz,96.57,2.48,3097032.0,681168.0,0.9988261666666666
C04M3_hifiasm_r63_semibin2_27.fa.gz,96.23,7.46,7362595.0,1837288.0,0.9990740000000001
C04M3_hifiasm_r63_semibin2_14.fa.gz,95.66,3.05,4186861.0,929745.0,0.9979318571428571
C04M3_hifiasm_r63_metabat2.104.fa.gz,92.88,0.2,2236458.0,707073.0,0.9961216666666667
C04M3_hifiasm_r63_semibin2_25.fa.gz,91.83,4.65,4870840.0,1254149.0,0.998206
C04M3_hifiasm_r63_metabat2.158.fa.gz,88.4,6.83,5052714.0,1139034.0,0.9968568333333333
C04M3_hifiasm_r63_semibin2_1.fa.gz,99.84,0.3,2491882.0,1740368.0,0.9980586666666666
C04M3_hifiasm_r63_semibin2_34.fa.gz,89.98,9.74,4248039.0,991347.0,0.9974528333333333
C04M3_hifiasm_r63_semibin2_39.fa.gz,80.38,0.3,1881266.0,318885.0,0.9980327142857144
C04M3_hifiasm_r63_semibin2_31.fa.gz,88.4,1.08,1586254.0,176647.0,0.9966953333333333
C04M3_hifiasm_r63_semibin2_29.fa.gz,87.09,4.32,5097641.0,981099.0,0.9949447142857143
C04M3_hifiasm_r63_semibin2_41.fa.gz,78.03,5.03,1413903.0,96059.0,0.0
C04M3_hifiasm_r63_semibin2_40.fa.gz,75.59,0.01,2152517.0,351994.0,0.9937296666666667
C04M3_hifiasm_r63_semibin2_37.fa.gz,71.11,3.55,,,0.0
C04M3_hifiasm_r63_metabat2.84_sub.fa.gz,81.14,3.78,1598259.0,109420.0,0.995761
